ride_date,day_of_week,month,avg_duration_min,num_rides,temp_f,max_temp_f,min_temp_f,wind_speed_knots,precip_in
2014-02-18,Tuesday,2,14.63,5140,30.6,39.9,19.0,7.2,0.05
2014-04-08,Tuesday,4,12.15,21884,51.0,64.9,41.0,10.7,0.99
2014-10-23,Thursday,10,12.23,13371,52.2,59.0,51.1,15.6,1.0
2014-05-10,Saturday,5,15.36,21832,65.4,82.0,52.0,7.1,0.02
2014-09-21,Sunday,9,16.31,26080,70.4,77.0,57.9,3.5,0.21
2014-07-16,Wednesday,7,13.55,35391,73.8,88.0,68.0,6.4,0.93
2014-01-16,Thursday,1,11.39,19953,39.1,41.0,37.0,5.9,0.0
2014-02-06,Thursday,2,17.35,7196,28.4,34.0,21.9,8.6,0.44
2014-07-15,Tuesday,7,12.22,22963,76.3,88.0,72.0,7.0,0.57
2014-01-03,Friday,1,13.39,1144,16.6,32.0,10.9,16.7,0.3
2014-05-08,Thursday,5,12.22,17619,55.6,68.0,51.1,6.7,0.32
2014-10-11,Saturday,10,14.3,12965,56.2,62.1,51.8,6.2,0.13
2014-01-15,Wednesday,1,11.7,21630,42.4,50.0,36.0,5.5,0.36
2014-04-05,Saturday,4,14.95,18655,45.3,54.0,39.0,12.8,0.17
2014-12-11,Thursday,12,11.96,18141,34.2,37.0,30.2,14.9,0.02
2014-12-21,Sunday,12,12.43,8747,33.1,36.0,30.0,5.7,0.0
2014-08-02,Saturday,8,16.54,26784,71.1,86.0,64.9,8.7,0.34
2014-03-12,Wednesday,3,10.97,15101,48.1,64.9,39.0,7.4,0.0
2014-11-28,Friday,11,11.87,8378,34.4,37.9,30.9,13.1,0.01
2014-06-06,Friday,6,14.53,37719,67.8,75.9,61.0,11.3,0.3
2014-03-23,Sunday,3,12.28,11740,41.5,63.0,35.1,11.0,0.0
2014-09-27,Saturday,9,18.08,30193,72.6,82.9,60.1,3.6,0.0
2014-09-08,Monday,9,14.3,34335,71.0,80.1,64.9,9.4,0.0
2014-09-05,Friday,9,14.27,34831,78.3,86.0,71.1,8.0,0.0
2014-04-03,Thursday,4,12.89,26321,50.7,64.0,41.0,3.9,0.0
2014-10-07,Tuesday,10,13.51,32892,67.1,72.0,51.1,11.4,0.0
2014-09-20,Saturday,9,16.83,30011,65.0,73.9,55.0,9.1,0.0
2014-01-28,Tuesday,1,14.22,10033,18.5,28.0,12.9,11.8,0.0
2014-05-28,Wednesday,5,12.47,29690,61.3,86.0,54.0,11.7,0.0
2014-06-14,Saturday,6,16.76,28417,69.6,75.9,62.1,10.1,1.43
2014-07-03,Thursday,7,13.29,27587,78.9,91.0,72.0,6.3,0.65
2014-12-31,Wednesday,12,12.68,9739,29.4,35.1,27.0,7.8,0.0
2014-02-25,Tuesday,2,11.43,12830,28.7,44.1,24.1,12.9,0.0
2014-10-04,Saturday,10,14.13,13354,65.0,71.1,57.0,10.0,0.07
2014-02-19,Wednesday,2,14.16,8506,36.4,45.0,25.0,5.3,0.1
2014-09-11,Thursday,9,13.38,37081,73.8,84.0,63.0,9.1,0.0
2014-07-26,Saturday,7,16.45,27179,75.7,82.9,66.9,7.9,0.0
2014-08-01,Friday,8,13.53,32654,76.7,86.0,70.0,7.3,0.0
2014-01-13,Monday,1,11.78,20633,41.8,54.0,35.1,8.9,0.02
2014-03-22,Saturday,3,16.06,19880,48.4,63.0,37.0,9.7,0.0
2014-06-20,Friday,6,16.7,34405,73.3,80.1,66.0,8.0,0.0
2014-07-01,Tuesday,7,13.23,34854,79.0,88.0,69.1,10.2,0.0
2014-06-15,Sunday,6,17.32,28382,67.6,79.0,61.0,10.0,0.0
2014-12-30,Tuesday,12,11.5,12196,32.6,44.1,28.9,8.0,0.0
2014-07-17,Thursday,7,13.72,38619,75.0,82.9,68.0,4.8,0.0
2014-08-26,Tuesday,8,13.52,34519,79.0,86.0,68.0,4.6,0.0
2014-03-15,Saturday,3,14.78,18053,47.9,57.9,39.0,11.1,0.0
2014-05-11,Sunday,5,18.77,28326,69.3,82.0,55.0,9.8,0.93
2014-06-26,Thursday,6,13.57,34846,77.5,86.0,71.1,6.3,0.07
2014-09-28,Sunday,9,18.3,29021,73.4,84.0,64.9,3.2,0.0
2014-06-24,Tuesday,6,13.74,35897,73.5,82.0,66.9,10.8,0.0
2014-04-14,Monday,4,14.84,28832,61.7,73.9,50.0,10.5,0.0
2014-02-12,Wednesday,2,14.08,8580,19.0,26.1,14.0,9.2,0.0
2014-03-14,Friday,3,10.92,16299,29.7,44.1,19.0,12.9,0.0
2014-03-17,Monday,3,10.62,12503,28.3,33.1,23.0,9.3,0.0
2014-08-06,Wednesday,8,13.64,36336,76.9,89.1,71.1,7.1,0.0
2014-01-23,Thursday,1,15.4,5071,13.5,21.0,7.0,11.9,0.0
2014-09-02,Tuesday,9,13.56,30507,84.3,93.0,75.9,6.8,0.0
2014-02-04,Tuesday,2,12.54,8709,29.6,42.1,25.0,6.2,0.81
2014-02-20,Thursday,2,13.57,11792,42.5,50.0,28.0,8.1,0.25
2014-12-28,Sunday,12,13.04,7902,48.1,55.0,42.1,6.8,0.0
2014-07-29,Tuesday,7,13.57,37092,70.6,84.0,64.9,11.4,0.0
2018-01-17,Wednesday,1,10.39,19010,33.8,36.0,24.1,7.9,0.05
2018-02-25,Sunday,2,19.66,16150,42.3,54.0,39.9,9.6,0.62
2018-05-16,Wednesday,5,12.53,32766,62.9,70.0,55.9,6.7,0.44
2018-05-20,Sunday,5,23.55,56949,66.7,84.0,50.0,7.1,0.44
2018-03-22,Thursday,3,11.82,27308,39.6,51.1,32.0,13.8,0.64
2018-05-11,Friday,5,18.96,75266,65.1,73.0,55.9,8.3,0.19
2018-01-08,Monday,1,17.42,15821,22.2,30.9,6.1,9.4,0.0
2018-04-01,Sunday,4,21.5,33149,50.4,59.0,39.9,11.0,0.0
2018-02-06,Tuesday,2,11.46,34102,31.6,41.0,28.0,6.1,0.0
2018-03-26,Monday,3,12.77,40295,40.4,50.0,34.0,9.1,0.0
2018-04-12,Thursday,4,13.6,53168,50.6,60.1,37.9,8.1,0.0
2018-04-23,Monday,4,16.77,57767,53.5,64.9,45.0,7.8,0.0
2018-01-16,Tuesday,1,11.39,30278,27.9,33.1,16.0,6.9,0.0
2018-03-10,Saturday,3,14.9,25444,37.4,44.1,30.9,14.0,0.0
2018-03-19,Monday,3,12.72,39278,39.8,46.9,30.0,7.0,0.0
2018-03-11,Sunday,3,24.69,27597,38.9,46.0,33.1,10.3,0.0
2018-02-01,Thursday,2,11.32,35561,36.9,45.0,19.0,8.1,0.0
2018-05-25,Friday,5,20.34,69345,77.9,89.1,66.0,9.6,0.0
2018-01-05,Friday,1,16.16,4972,16.7,28.9,10.0,22.4,0.0
2018-02-27,Tuesday,2,14.21,48516,47.3,57.0,39.9,7.5,0.0
2018-03-09,Friday,3,12.98,34912,36.8,44.1,30.9,14.0,0.0
2018-01-07,Sunday,1,12.76,5640,10.8,18.0,6.1,11.7,0.0
2018-01-12,Friday,1,13.36,22254,47.9,60.1,35.1,9.4,0.01
2018-01-30,Tuesday,1,10.92,27996,34.2,44.1,30.0,11.2,0.06
2018-04-04,Wednesday,4,12.15,36753,45.9,57.0,39.0,9.3,0.28
2018-03-30,Friday,3,13.86,34787,50.1,60.1,43.0,6.3,0.02
2018-03-07,Wednesday,3,10.35,8188,36.6,41.0,33.8,14.7,0.1
2018-05-27,Sunday,5,24.0,25814,68.8,91.9,59.0,11.2,0.12
2018-01-04,Thursday,1,17.33,1922,26.1,30.0,17.1,17.0,0.02
2018-02-15,Thursday,2,12.13,44193,51.0,61.0,36.0,6.8,0.13
2018-02-10,Saturday,2,15.01,16324,42.0,51.1,28.0,5.5,0.0
2018-02-05,Monday,2,12.04,29068,37.4,46.9,30.0,12.6,1.01
2018-05-13,Sunday,5,17.89,25986,53.6,64.0,52.0,7.3,0.14
2018-05-12,Saturday,5,16.28,34535,59.2,73.0,54.0,7.3,0.06
2018-04-19,Thursday,4,11.34,38298,46.2,55.0,39.0,9.9,0.07
2018-04-29,Sunday,4,18.7,44837,54.2,66.0,50.0,10.6,0.22
2018-05-28,Monday,5,22.91,49043,60.2,82.0,55.9,8.3,0.41
2018-03-25,Sunday,3,12.97,25562,40.4,51.1,35.1,11.0,0.0
2018-04-07,Saturday,4,14.38,33245,45.7,62.1,37.0,10.5,0.09
2018-04-20,Friday,4,16.0,47052,43.2,50.0,37.9,16.3,0.08
2018-01-06,Saturday,1,29.81,4295,11.8,19.9,8.1,19.8,0.0
2018-01-14,Sunday,1,23.56,12399,20.0,25.0,16.0,13.8,0.11
2018-03-14,Wednesday,3,11.43,35377,36.7,42.1,32.0,16.3,0.05
2018-01-22,Monday,1,20.77,36865,42.1,52.0,37.9,7.1,0.0
2018-04-05,Thursday,4,13.38,39814,41.6,57.0,35.1,18.2,0.11
2018-01-03,Wednesday,1,11.21,24299,22.6,30.0,14.0,7.5,0.0
2018-05-04,Friday,5,17.76,71199,75.8,93.0,68.0,5.5,0.01
2018-01-31,Wednesday,1,11.03,31276,26.2,37.0,19.0,13.0,0.0
2018-05-21,Monday,5,22.68,71220,68.9,84.0,55.0,7.6,0.0
2018-02-13,Tuesday,2,11.13,35189,33.0,41.0,27.0,9.9,0.0
2018-05-01,Tuesday,5,17.45,72035,60.3,82.0,44.1,7.8,0.0
2018-04-14,Saturday,4,22.91,62597,61.6,82.0,51.1,9.4,0.0
2018-03-15,Thursday,3,21.85,39574,38.6,48.0,32.0,15.0,0.0
2018-04-09,Monday,4,11.93,40509,38.7,48.9,33.1,10.6,0.0
2018-01-18,Thursday,1,11.02,27662,26.0,36.0,19.9,12.4,0.12
2018-05-06,Sunday,5,17.53,48993,62.6,75.9,57.0,7.6,0.0
2018-03-12,Monday,3,13.36,36340,38.2,46.0,33.1,10.5,0.0
2018-04-24,Tuesday,4,14.89,58527,54.8,66.0,45.0,7.9,0.0
2014-12-06,Saturday,12,13.02,4047,44.9,48.9,34.0,4.1,0.7
2014-05-16,Friday,5,11.66,17784,67.2,75.0,54.0,15.9,0.03
2014-05-22,Thursday,5,12.21,24535,62.9,75.0,57.9,6.2,0.27
2014-10-03,Friday,10,15.28,34944,62.4,69.1,57.0,6.8,0.0
2014-06-10,Tuesday,6,13.35,33435,66.9,75.2,63.0,6.5,0.79
2014-05-24,Saturday,5,15.96,16798,60.2,68.0,57.0,6.2,1.09
2014-06-13,Friday,6,12.68,18308,65.7,75.9,59.0,8.4,0.14
2014-11-14,Friday,11,12.61,21082,39.3,48.0,36.0,12.4,0.2
2014-02-03,Monday,2,13.29,2600,35.6,55.0,30.0,8.2,0.27
2014-11-24,Monday,11,12.73,23031,57.5,64.0,44.1,10.6,0.61
2014-11-06,Thursday,11,12.07,12283,52.7,64.0,48.0,5.3,0.13
2014-06-11,Wednesday,6,13.42,30548,65.6,75.0,61.0,9.5,0.04
2014-04-16,Wednesday,4,11.89,20082,38.9,46.9,32.0,14.1,0.82
2014-11-02,Sunday,11,16.12,14100,44.6,48.0,42.1,19.4,0.17
2014-07-28,Monday,7,13.45,33189,78.2,88.0,70.0,9.4,0.26
2014-03-08,Saturday,3,15.87,16350,41.6,55.9,26.1,7.3,0.0
2014-06-02,Monday,6,14.69,34519,69.7,79.0,57.0,9.3,0.0
2014-03-26,Wednesday,3,10.2,14500,33.4,37.9,26.1,16.8,0.0
2014-05-05,Monday,5,14.4,30288,57.5,66.9,50.0,15.6,0.0
2014-04-19,Saturday,4,18.44,24369,50.6,64.9,35.1,6.8,0.0
2014-03-11,Tuesday,3,12.95,24356,52.3,64.9,37.0,7.0,0.0
2014-05-21,Wednesday,5,13.39,34420,69.7,77.0,57.0,6.7,0.0
2014-06-21,Saturday,6,17.23,30288,70.0,75.9,62.1,8.4,0.0
2014-10-01,Wednesday,10,12.34,27942,63.3,66.2,60.8,8.4,0.04
2014-04-26,Saturday,4,16.16,19899,52.0,64.0,44.6,8.2,0.7
2014-05-14,Wednesday,5,12.95,30044,56.5,71.1,51.1,7.1,0.0
2014-01-29,Wednesday,1,11.17,10021,18.2,23.0,12.9,8.1,0.05
2014-01-22,Wednesday,1,16.58,2451,12.6,32.0,7.0,16.6,0.25
2014-12-20,Saturday,12,11.22,9582,31.9,37.9,30.0,7.8,0.0
2014-12-16,Tuesday,12,11.87,16816,41.5,48.9,36.0,5.6,0.0
2014-11-22,Saturday,11,13.61,12682,34.3,43.0,28.0,8.8,0.0
2014-10-21,Tuesday,10,13.24,31330,60.0,68.0,44.1,5.6,0.0
2014-11-05,Wednesday,11,14.53,30539,61.4,69.1,55.0,9.0,0.0
2014-04-28,Monday,4,13.44,28557,53.7,64.0,46.0,7.3,0.0
2014-05-19,Monday,5,13.41,31692,60.4,70.0,53.1,10.5,0.0
2014-02-28,Friday,2,11.09,9587,17.3,33.1,10.0,13.3,0.0
2014-10-31,Friday,10,18.07,27785,49.9,57.9,45.0,9.3,0.0
2014-06-30,Monday,6,13.8,33597,75.8,84.0,69.1,9.0,0.0
2014-07-06,Sunday,7,20.22,23822,78.2,87.1,64.9,9.5,0.0
2014-01-18,Saturday,1,14.08,9438,37.5,46.0,32.0,7.7,0.0
2014-08-08,Friday,8,14.12,34073,74.0,82.9,66.0,7.1,0.0
2014-11-04,Tuesday,11,13.31,31174,60.2,69.1,41.0,8.5,0.0
2014-02-17,Monday,2,16.12,4854,24.4,33.1,19.0,11.2,0.0
2014-12-14,Sunday,12,13.48,11941,40.4,45.0,35.1,11.3,0.0
2014-07-22,Tuesday,7,13.63,36886,78.1,87.1,66.9,7.3,0.0
2014-02-07,Friday,2,17.48,8495,28.5,33.1,21.9,8.9,0.0
2014-05-27,Tuesday,5,14.42,32936,79.5,87.1,66.0,7.6,0.0
2014-11-18,Tuesday,11,11.1,16691,37.1,53.1,28.0,16.2,1.0
2014-07-02,Wednesday,7,12.61,26582,81.7,91.0,73.0,10.1,0.0
2014-10-18,Saturday,10,17.85,24978,64.1,72.0,60.1,8.9,0.0
2014-01-25,Saturday,1,11.47,4338,22.0,27.0,10.9,12.6,0.0
2014-11-07,Friday,11,12.32,25355,49.6,59.0,45.0,12.9,0.21
2014-05-18,Sunday,5,17.06,27436,60.4,70.0,53.1,7.6,0.0
2014-05-13,Tuesday,5,13.42,32847,65.8,82.0,59.0,7.7,0.0
2014-04-23,Wednesday,4,12.41,26949,55.6,66.0,48.0,16.0,0.0
2014-04-25,Friday,4,13.53,27919,52.3,60.1,43.0,8.9,0.0
2014-03-24,Monday,3,10.49,13598,28.1,42.1,21.9,12.8,0.0
2014-07-25,Friday,7,14.16,36384,74.6,82.0,66.9,6.9,0.0
2014-12-18,Thursday,12,11.24,19051,41.0,53.1,37.9,15.4,0.03
2014-04-02,Wednesday,4,12.0,22515,45.6,59.0,39.0,5.7,0.0
2014-05-29,Thursday,5,13.32,33889,55.6,63.0,51.1,9.8,0.0
2014-07-11,Friday,7,14.03,35000,76.9,84.9,70.0,6.1,0.0
2014-12-29,Monday,12,13.28,13549,41.3,52.0,37.9,10.0,0.1
2014-04-01,Tuesday,4,12.85,23908,45.9,59.0,36.0,8.5,0.02
2014-06-28,Saturday,6,16.9,28507,75.6,87.1,68.0,5.4,0.0
2014-12-13,Saturday,12,16.93,12549,37.2,44.1,32.0,13.7,0.0
2014-09-04,Thursday,9,14.08,36496,78.5,86.0,71.1,6.1,0.0
2014-06-17,Tuesday,6,14.1,35097,76.7,88.0,64.0,6.7,0.0
2014-02-23,Sunday,2,15.58,13324,48.0,55.0,37.9,5.2,0.0
2014-01-07,Tuesday,1,12.1,6267,14.0,36.0,3.9,19.6,0.24
2014-10-19,Sunday,10,14.55,18840,54.5,70.0,48.0,14.8,0.0
2014-07-09,Wednesday,7,13.33,34426,79.5,93.0,72.0,10.2,0.0
2017-12-23,Saturday,12,17.3,9608,41.2,53.1,36.0,7.4,0.05
2017-04-27,Thursday,4,14.99,52035,62.0,69.1,53.1,5.1,0.13
2017-05-25,Thursday,5,11.63,17495,58.4,69.1,55.9,11.7,0.1
2017-06-06,Tuesday,6,12.38,41268,58.0,66.9,55.0,11.5,0.02
2017-11-08,Wednesday,11,14.71,54211,43.4,51.1,39.9,9.5,0.6
2017-12-05,Tuesday,12,12.43,41792,53.8,60.1,39.9,11.4,0.0
2017-12-15,Friday,12,11.74,22944,25.5,33.1,23.0,6.5,0.02
2017-09-16,Saturday,9,18.35,61036,74.2,82.0,69.1,5.8,0.0
2017-06-20,Tuesday,6,17.39,64673,76.9,87.1,70.0,11.0,1.23
2017-08-16,Wednesday,8,17.92,68436,76.8,86.0,69.1,4.8,0.12
2017-07-18,Tuesday,7,16.66,66234,80.5,88.0,75.0,7.9,0.0
2017-10-10,Tuesday,10,15.89,74118,75.1,81.0,69.1,8.4,0.21
2017-11-01,Wednesday,11,14.49,60773,51.4,57.9,46.9,7.8,0.0
2017-04-15,Saturday,4,19.47,42531,57.2,66.0,50.0,8.4,0.0
2017-05-02,Tuesday,5,17.98,61207,70.5,78.1,50.0,12.9,0.0
2017-04-18,Tuesday,4,14.7,53809,59.2,73.0,51.1,10.2,0.0
2017-07-30,Sunday,7,19.03,59342,72.9,82.0,66.0,7.0,0.0
2017-12-26,Tuesday,12,11.75,14113,27.0,39.0,24.1,16.4,0.22
2017-05-03,Wednesday,5,17.57,59252,64.3,78.1,61.0,14.1,0.0
2017-12-24,Sunday,12,13.15,13216,40.3,53.1,37.0,10.1,0.49
2017-12-07,Thursday,12,12.21,45367,42.7,59.0,39.9,13.2,0.0
2017-07-15,Saturday,7,19.0,56499,73.7,86.0,64.9,6.9,0.47
2017-10-09,Monday,10,15.03,38391,73.9,80.1,71.1,9.0,0.39
2017-05-29,Monday,5,15.23,26322,59.1,71.1,55.9,9.5,0.13
2017-05-28,Sunday,5,24.95,46727,64.5,72.0,57.9,6.8,0.0
2017-06-19,Monday,6,16.13,38310,78.5,87.1,70.0,11.1,0.0
2017-07-28,Friday,7,15.27,63899,76.9,84.0,66.9,5.8,0.0
2017-04-17,Monday,4,15.31,53247,70.9,88.0,60.1,12.2,0.0
2017-12-02,Saturday,12,14.49,38923,44.2,53.1,39.9,5.5,0.0
2017-07-07,Friday,7,15.8,44068,72.4,82.0,68.0,8.4,0.01
2017-08-15,Tuesday,8,15.56,52461,73.2,77.0,69.1,5.3,0.32
2017-08-11,Friday,8,19.48,63140,75.9,86.0,71.1,7.7,0.0
2017-10-12,Thursday,10,21.16,61248,62.7,78.1,59.0,14.4,0.07
2017-12-04,Monday,12,12.86,49630,45.5,52.0,39.9,5.0,0.0
2017-06-15,Thursday,6,18.41,64763,70.7,82.9,64.0,8.1,0.02
2017-08-02,Wednesday,8,20.03,56184,79.6,91.0,69.1,6.1,0.0
2017-04-02,Sunday,4,23.51,39780,50.6,63.0,39.0,9.7,0.01
2017-07-09,Sunday,7,20.4,57118,76.3,87.1,70.0,8.5,0.0
2017-06-01,Thursday,6,15.79,67403,69.4,82.0,57.9,6.9,0.05
2017-10-16,Monday,10,13.43,61730,62.6,75.0,55.0,14.0,0.01
2017-06-23,Friday,6,16.4,55323,81.2,87.1,68.0,9.3,0.0
2017-08-30,Wednesday,8,16.34,65329,67.5,80.1,61.0,10.6,0.32
2017-07-17,Monday,7,16.64,62555,80.1,87.1,71.1,7.2,0.0
2017-09-08,Friday,9,15.89,69574,67.5,75.0,61.0,10.6,0.0
2017-06-13,Tuesday,6,15.21,60921,89.7,100.9,75.9,8.5,0.0
2017-09-11,Monday,9,16.35,71917,67.7,78.1,59.0,5.1,0.0
2017-12-03,Sunday,12,13.15,33728,45.3,48.0,39.9,5.0,0.0
2017-05-24,Wednesday,5,16.64,60622,62.8,70.0,57.0,7.4,0.03
2017-12-21,Thursday,12,11.66,37592,37.2,53.1,34.0,9.2,0.0
2017-04-24,Monday,4,14.03,48692,53.5,64.9,48.0,6.0,0.0
2017-08-03,Thursday,8,19.16,66149,76.2,88.0,69.1,6.2,0.08
2017-08-06,Sunday,8,22.55,56476,72.0,80.1,66.0,10.9,0.16
2017-10-26,Thursday,10,14.97,64003,58.0,68.0,53.1,10.5,0.0
2017-05-19,Friday,5,15.83,62143,87.9,97.0,80.1,11.0,0.0
2017-09-15,Friday,9,17.25,72297,76.6,82.9,70.0,6.3,0.0
2017-05-08,Monday,5,14.06,51553,53.4,62.1,48.0,12.5,0.0
2017-11-15,Wednesday,11,12.71,54230,43.5,51.1,37.9,7.4,0.0
2017-10-01,Sunday,10,20.98,55505,58.8,70.0,52.0,6.8,0.0
2017-06-22,Thursday,6,17.51,66308,77.1,87.1,68.0,7.6,0.0
2017-10-18,Wednesday,10,16.48,70234,60.0,73.9,45.0,6.2,0.0
2017-06-28,Wednesday,6,19.71,67752,71.5,81.0,62.1,10.1,0.0
2017-06-25,Sunday,6,23.2,54655,78.2,86.0,70.0,7.1,0.18
2014-12-10,Wednesday,12,11.29,10399,38.6,45.0,32.0,14.8,2.26
2014-09-30,Tuesday,9,15.19,35093,69.0,73.9,64.4,6.2,0.0
2014-01-26,Sunday,1,11.96,4980,21.9,27.0,18.0,12.7,0.02
2014-06-25,Wednesday,6,13.14,34340,75.4,84.0,69.1,10.3,0.0
2014-04-30,Wednesday,4,9.5,2867,44.5,51.1,42.1,14.1,0.55
2014-06-12,Thursday,6,12.58,29084,63.6,75.9,59.0,9.0,0.01
2014-05-17,Saturday,5,17.7,29912,62.2,71.1,54.0,9.8,1.58
2014-01-05,Sunday,1,13.74,2678,29.1,35.6,26.1,4.8,0.0
2014-07-04,Friday,7,15.49,13612,71.1,89.1,64.9,8.5,0.71
2014-06-04,Wednesday,6,13.84,36068,69.5,84.9,62.1,6.8,0.06
2014-12-08,Monday,12,11.21,15557,29.8,34.0,24.8,13.7,0.03
2014-09-18,Thursday,9,15.11,37381,67.6,75.0,59.0,4.6,0.0
2014-06-23,Monday,6,13.95,32580,73.2,82.0,64.0,6.2,0.0
2014-07-07,Monday,7,14.03,31863,81.3,91.9,69.1,11.4,0.0
2014-07-08,Tuesday,7,13.31,32713,83.8,93.0,72.0,10.7,0.18
2014-05-15,Thursday,5,12.98,26057,60.7,75.0,51.1,8.5,0.14
2014-06-09,Monday,6,12.93,18611,68.0,84.9,62.1,7.0,0.45
2014-11-27,Thursday,11,11.86,3945,36.5,51.1,34.0,11.3,1.07
2014-03-29,Saturday,3,11.07,4480,48.3,60.1,37.9,6.7,0.03
2014-02-26,Wednesday,2,11.07,11188,28.0,33.1,24.1,9.2,0.0
2014-10-15,Wednesday,10,13.51,28743,71.9,78.1,64.0,12.9,0.0
2014-10-06,Monday,10,13.73,31742,59.2,71.1,46.9,8.5,0.0
2014-11-23,Sunday,11,14.32,15669,46.9,55.0,28.9,7.9,0.0
2014-12-04,Thursday,12,11.88,21335,42.0,46.9,37.9,11.3,0.09
2014-07-18,Friday,7,14.46,36105,74.6,82.9,68.0,6.1,0.0
2014-05-12,Monday,5,14.39,31644,73.2,82.0,62.1,4.4,0.02
2014-01-19,Sunday,1,13.61,9028,29.8,39.0,25.0,12.1,0.15
2014-08-07,Thursday,8,13.85,36362,75.2,84.0,66.9,8.1,0.0
2014-06-01,Sunday,6,18.02,31333,65.1,77.0,57.0,6.0,0.01
2014-08-18,Monday,8,14.09,34339,72.6,82.9,64.0,8.8,0.01
2014-10-12,Sunday,10,17.59,23394,55.1,62.1,48.9,5.3,0.2
2014-04-22,Tuesday,4,12.71,27259,56.4,66.0,41.0,7.7,0.0
2014-11-01,Saturday,11,11.19,6002,48.1,55.0,45.0,15.1,0.05
2014-04-15,Tuesday,4,10.55,10523,56.9,61.0,44.6,13.7,0.1
2014-01-06,Monday,1,12.81,9510,44.7,53.1,25.0,11.2,0.17
2014-09-13,Saturday,9,15.21,17293,65.1,71.1,60.8,10.5,0.0
2014-06-03,Tuesday,6,13.37,29501,75.7,84.9,61.0,7.4,0.0
2014-12-19,Friday,12,11.37,17200,36.8,43.0,33.1,13.5,0.0
2014-01-09,Thursday,1,10.86,13354,25.7,33.1,9.0,7.0,0.0
2014-09-01,Monday,9,19.55,23575,80.3,91.9,73.0,5.6,0.79
2014-03-16,Sunday,3,12.28,9851,37.7,57.9,30.0,14.2,0.0
2014-08-20,Wednesday,8,14.05,35532,75.4,84.0,64.9,6.2,0.0
2014-04-20,Sunday,4,16.71,18464,51.6,64.9,42.1,9.2,0.0
2014-06-29,Sunday,6,17.31,27986,74.9,87.1,69.1,7.5,0.0
2014-04-29,Tuesday,4,11.01,18404,49.9,64.0,44.1,13.4,0.0
2014-03-28,Friday,3,12.24,18425,44.9,60.1,23.0,8.1,0.0
2014-07-13,Sunday,7,15.26,24869,75.3,86.0,71.1,10.1,0.0
2014-11-19,Wednesday,11,13.01,16694,26.7,46.0,21.9,12.9,0.0
2014-12-27,Saturday,12,16.14,10247,47.4,55.0,39.9,4.6,0.0
2014-09-24,Wednesday,9,14.16,35481,65.0,73.0,54.0,8.1,0.0
2014-11-03,Monday,11,13.75,26757,48.1,62.1,41.0,13.6,0.0
2014-10-08,Wednesday,10,16.68,33607,67.6,73.0,64.0,13.5,0.06
2014-07-20,Sunday,7,17.06,30296,71.2,77.0,66.9,9.1,0.0
2014-08-27,Wednesday,8,13.68,33721,79.0,89.1,71.1,7.0,0.0
2014-10-25,Saturday,10,16.56,24952,58.7,68.0,51.1,8.3,0.0
2014-01-01,Wednesday,1,15.38,6059,28.9,33.1,21.0,9.4,0.0
2014-07-10,Thursday,7,13.71,36288,76.3,88.0,70.0,5.5,0.0
2014-02-08,Saturday,2,17.38,5986,26.8,33.1,21.9,8.0,0.0
2014-11-20,Thursday,11,12.01,20611,38.1,46.0,21.9,11.2,0.0
2014-02-22,Saturday,2,16.47,13044,45.5,55.0,34.0,9.4,0.11
2014-12-26,Friday,12,14.2,9895,45.3,63.0,39.9,9.4,0.07
2013-10-07,Monday,10,12.65,25016,70.7,77.0,64.0,11.8,0.33
2013-10-21,Monday,10,13.79,35012,59.3,66.9,51.1,7.3,0.0
2013-09-15,Sunday,9,17.27,31914,61.5,73.0,54.0,6.9,0.0
2013-12-01,Sunday,12,13.56,13326,41.1,48.9,25.0,3.2,0.0
2013-08-10,Saturday,8,20.44,37201,78.3,89.1,72.0,8.9,0.04
2013-12-15,Sunday,12,15.23,7462,33.7,39.0,24.1,14.2,1.21
2013-12-10,Tuesday,12,11.55,12850,36.0,39.0,32.0,8.5,0.07
2013-08-13,Tuesday,8,15.65,22437,74.0,82.0,70.0,5.3,0.01
2013-07-28,Sunday,7,17.54,23508,74.8,84.0,71.1,7.6,0.0
2013-12-18,Wednesday,12,11.49,14924,28.6,37.0,24.1,9.4,0.16
2013-10-10,Thursday,10,12.4,31171,59.1,66.0,54.0,13.2,0.0
2013-10-28,Monday,10,12.78,31498,53.0,61.0,44.1,7.7,0.0
2013-12-06,Friday,12,11.62,10736,50.5,57.9,42.8,7.1,0.05
2013-11-26,Tuesday,11,13.04,14999,36.0,39.9,24.1,7.0,0.0
2013-08-07,Wednesday,8,14.69,34396,74.4,82.0,66.9,9.5,0.0
2013-09-04,Wednesday,9,15.07,36798,73.3,82.0,66.0,10.4,0.09
2013-08-20,Tuesday,8,14.97,35843,77.5,89.1,68.0,4.5,0.0
2013-12-04,Wednesday,12,12.27,28199,43.8,53.1,37.9,4.3,0.0
2013-11-14,Thursday,11,13.03,27040,41.0,53.1,30.0,11.6,0.0
2013-07-01,Monday,7,16.31,16650,74.8,78.1,73.4,7.8,0.0
2013-11-07,Thursday,11,11.87,25719,58.3,63.0,46.9,9.2,0.0
2013-08-15,Thursday,8,15.3,37386,69.8,78.1,62.1,8.2,0.0
2013-08-25,Sunday,8,19.06,31755,73.8,82.9,64.0,4.8,0.0
2013-11-11,Monday,11,12.65,27295,48.6,60.1,44.1,13.6,0.0
2013-08-31,Saturday,8,17.86,25381,78.5,86.0,69.1,8.8,0.0
2013-11-22,Friday,11,12.09,25448,52.4,57.0,36.0,6.4,0.0
2013-12-22,Sunday,12,15.07,15063,58.4,69.1,50.0,9.0,0.01
2013-09-16,Monday,9,13.8,31287,65.8,73.0,54.0,6.9,0.0
2013-11-28,Thursday,11,13.91,5204,34.1,39.2,30.9,17.9,0.3
2013-08-27,Tuesday,8,15.07,34208,78.3,86.0,70.0,10.6,0.01
2013-07-26,Friday,7,15.67,34534,71.5,84.0,64.0,8.6,0.02
2013-07-24,Wednesday,7,15.59,35271,79.9,91.0,75.0,7.8,0.31
2013-07-05,Friday,7,18.04,21842,84.4,93.0,75.9,9.0,0.0
2013-11-18,Monday,11,13.22,30615,60.3,64.9,48.9,11.4,0.25
2013-11-01,Friday,11,13.63,30384,65.9,70.0,53.1,12.1,0.05
2013-08-06,Tuesday,8,16.16,37702,73.9,82.0,64.0,6.3,0.0
2013-10-08,Tuesday,10,13.78,38365,61.6,77.0,55.9,10.2,0.0
2018-02-11,Sunday,2,11.4,8809,45.6,60.1,37.9,4.7,0.82
2018-02-07,Wednesday,2,10.59,15289,32.8,46.9,28.0,8.3,0.0
2018-02-23,Friday,2,12.7,25634,37.8,41.0,37.0,9.1,0.11
2018-05-15,Tuesday,5,16.03,52826,69.1,91.9,52.0,9.4,0.02
2018-05-23,Wednesday,5,19.2,72655,66.2,82.0,55.9,5.1,0.42
2018-05-31,Thursday,5,13.87,55794,64.0,77.0,60.1,7.1,0.0
2018-03-13,Tuesday,3,11.05,23137,37.3,43.0,33.1,14.1,0.21
2018-04-02,Monday,4,16.4,22063,39.8,59.0,32.0,8.1,0.4
2018-02-18,Sunday,2,17.15,21538,37.6,45.0,30.0,8.8,0.62
2018-05-19,Saturday,5,15.37,18026,54.4,66.9,50.0,10.7,0.2
2018-04-06,Friday,4,13.14,35624,44.8,62.1,35.1,10.7,0.0
2018-04-03,Tuesday,4,10.72,25881,40.8,44.1,32.0,7.0,0.15
2018-02-21,Wednesday,2,30.36,53115,61.8,79.0,46.9,7.7,0.0
2018-02-22,Thursday,2,11.09,27010,50.6,79.0,37.9,10.1,0.02
2018-01-11,Thursday,1,12.06,33961,40.1,46.9,26.1,4.8,0.0
2018-04-17,Tuesday,4,11.76,44689,46.2,61.0,39.9,13.8,1.62
2018-01-24,Wednesday,1,11.51,36078,42.9,60.1,34.0,14.2,0.28
2018-05-24,Thursday,5,19.33,74810,74.5,86.0,57.0,7.6,0.21
2018-01-20,Saturday,1,14.61,28507,43.4,54.0,26.1,11.0,0.0
2018-04-30,Monday,4,13.16,41075,49.0,57.9,44.1,15.8,0.15
2018-01-21,Sunday,1,14.16,27908,46.1,54.0,37.0,5.3,0.0
2018-05-26,Saturday,5,32.99,51597,82.3,91.9,68.0,9.3,0.0
2018-04-21,Saturday,4,23.5,63599,48.8,62.1,37.9,10.4,0.0
2018-05-09,Wednesday,5,18.08,78458,63.5,73.9,54.0,4.8,0.0
2018-04-10,Tuesday,4,11.53,43051,43.2,50.0,33.1,7.9,0.0
2018-03-16,Friday,3,12.06,34921,37.6,48.0,34.0,16.7,0.0
2018-02-28,Wednesday,2,15.03,50709,49.5,62.1,39.9,9.2,0.0
2018-01-27,Saturday,1,22.88,34351,42.1,57.0,28.0,7.8,0.0
2018-03-01,Thursday,3,13.9,45564,54.5,62.1,42.1,6.0,0.0
2018-02-26,Monday,2,12.38,42570,46.1,52.0,39.9,6.4,0.22
2018-01-02,Tuesday,1,11.34,18818,18.4,26.1,8.1,12.3,0.0
2018-05-08,Tuesday,5,18.98,74313,61.8,75.0,54.0,5.9,0.0
2013-12-02,Monday,12,12.38,24576,44.2,48.9,37.0,4.5,0.0
2013-08-16,Friday,8,16.39,35991,72.6,81.0,63.0,3.7,0.0
2013-09-11,Wednesday,9,14.03,35812,83.6,93.9,69.1,7.5,0.0
2013-07-15,Monday,7,15.32,28069,87.2,93.9,72.0,7.8,0.0
2013-07-17,Wednesday,7,14.67,30550,87.4,97.0,78.1,4.0,0.0
2013-08-23,Friday,8,15.74,33503,76.2,81.0,72.0,9.0,0.24
2013-12-14,Saturday,12,12.06,3701,28.6,35.1,24.1,12.0,0.0
2013-10-30,Wednesday,10,12.16,35069,52.9,60.1,44.1,4.5,0.0
2013-12-08,Sunday,12,12.17,10090,32.1,37.9,28.4,8.7,0.13
2013-09-23,Monday,9,13.87,35152,58.5,68.0,52.0,10.6,0.53
2013-07-09,Tuesday,7,16.1,26641,82.6,91.0,75.0,6.0,0.0
2013-10-17,Thursday,10,13.39,36888,64.7,73.0,57.0,6.7,0.0
2013-10-09,Wednesday,10,12.84,36969,59.7,66.0,54.0,12.3,0.0
2013-09-20,Friday,9,14.81,39382,68.1,78.1,57.0,5.8,0.0
2013-07-16,Tuesday,7,15.13,29842,86.5,93.9,79.0,7.9,0.0
2013-10-14,Monday,10,13.91,33018,58.0,64.9,53.1,6.6,0.0
2013-10-01,Tuesday,10,13.71,40575,68.9,81.0,57.9,5.5,0.0
2013-12-28,Saturday,12,16.26,12022,42.4,55.0,32.0,9.3,0.0
2013-11-06,Wednesday,11,13.01,34826,53.2,61.0,42.1,5.9,0.0
2013-08-17,Saturday,8,20.1,37285,73.6,81.0,66.9,5.2,0.0
2013-07-27,Saturday,7,18.91,32470,76.9,84.0,64.9,8.5,0.0
2013-11-21,Thursday,11,11.77,28752,41.6,52.0,32.0,6.4,0.0
2013-07-22,Monday,7,14.7,25979,77.1,87.1,75.0,8.3,0.0
2013-12-17,Tuesday,12,12.22,7863,27.2,34.0,24.1,7.3,0.0
2013-09-03,Tuesday,9,14.44,32411,76.2,82.0,72.0,6.7,0.99
2013-07-12,Friday,7,15.64,19006,75.4,86.0,72.0,9.1,0.0
2013-11-17,Sunday,11,13.47,17995,52.6,60.8,48.2,4.5,0.02
2013-08-26,Monday,8,15.47,29979,75.3,84.0,66.9,9.1,0.0
2013-12-09,Monday,12,10.72,14824,34.5,39.2,28.9,10.9,0.19
2013-10-13,Sunday,10,15.95,28832,60.9,72.0,57.0,15.0,0.0
2013-10-02,Wednesday,10,13.91,41383,73.9,84.0,62.1,6.0,0.0
2013-09-28,Saturday,9,17.02,34931,64.4,73.0,57.0,7.3,0.0
2013-07-18,Thursday,7,14.38,28869,89.3,100.0,78.1,6.3,0.0
2013-09-13,Friday,9,14.66,36501,71.3,86.0,68.0,9.4,1.3
2017-04-05,Wednesday,4,19.63,47636,51.7,63.0,45.0,5.4,0.03
2017-10-29,Sunday,10,14.53,9537,64.0,68.0,54.0,10.3,0.1
2017-04-22,Saturday,4,16.99,34596,51.8,55.9,48.0,6.9,0.02
2017-09-03,Sunday,9,20.1,30955,62.6,72.0,55.9,9.8,0.79
2017-12-09,Saturday,12,13.79,10804,35.2,41.0,30.9,6.8,0.0
2017-09-18,Monday,9,14.66,64130,70.6,81.0,68.0,8.7,0.0
2017-08-05,Saturday,8,24.42,58971,76.3,84.9,70.0,10.0,0.82
2017-06-16,Friday,6,16.59,56403,65.6,75.9,63.0,9.1,0.0
2017-05-22,Monday,5,12.42,24627,59.8,71.1,57.0,7.5,0.11
2017-10-15,Sunday,10,16.61,56529,69.8,75.0,62.1,6.8,0.0
2017-06-24,Saturday,6,20.71,52153,79.5,87.1,70.0,10.0,0.96
2017-12-18,Monday,12,12.76,40168,38.4,46.9,33.1,5.7,0.02
2017-08-27,Sunday,8,22.6,54598,70.2,77.0,64.0,7.1,0.0
2017-07-19,Wednesday,7,16.22,63915,84.8,93.9,75.9,7.6,0.0
2017-04-10,Monday,4,21.02,50424,61.3,73.0,46.0,7.6,0.0
2017-09-13,Wednesday,9,16.06,69566,74.0,84.0,63.0,4.9,0.0
2017-05-12,Friday,5,14.97,56675,56.5,64.0,52.0,6.9,0.0
2017-10-25,Wednesday,10,16.32,71287,64.8,75.9,61.0,5.5,0.09
2017-05-09,Tuesday,5,13.92,56461,55.6,64.0,48.0,9.2,0.0
2017-07-21,Friday,7,15.76,60072,84.4,98.1,77.0,8.7,0.0
2017-07-16,Sunday,7,21.49,56833,78.0,86.0,66.9,6.6,0.01
2017-07-29,Saturday,7,17.36,52947,73.3,84.0,68.0,13.2,0.0
2017-08-22,Tuesday,8,19.69,60541,81.5,91.0,75.0,8.6,0.0
2017-07-31,Monday,7,14.7,64218,77.7,89.1,66.0,5.3,0.0
2017-05-05,Friday,5,12.93,24009,56.0,66.0,51.1,11.4,0.01
2017-10-30,Monday,10,13.98,49247,57.1,68.0,46.9,15.9,2.79
2017-10-23,Monday,10,16.22,69274,66.9,75.9,57.9,7.1,0.0
2017-08-12,Saturday,8,23.13,60540,71.8,82.0,64.9,5.9,0.17
2017-09-28,Thursday,9,14.31,70883,74.1,84.0,68.0,11.8,0.0
2017-07-27,Thursday,7,14.64,65769,72.2,78.1,64.9,7.9,0.0
2017-11-02,Thursday,11,15.93,70810,63.0,72.0,46.9,6.7,0.0
2017-07-10,Monday,7,16.57,60907,78.7,88.0,70.0,8.0,0.0
2017-07-24,Monday,7,15.02,43792,70.2,80.1,64.0,11.1,0.46
2017-09-07,Thursday,9,16.87,69519,65.4,73.0,60.8,8.3,0.44
2017-07-23,Sunday,7,17.48,46942,76.4,91.0,72.0,5.4,0.6
2017-08-19,Saturday,8,24.2,62442,80.1,89.1,73.0,7.5,0.9
2017-09-05,Tuesday,9,17.34,65445,76.4,84.9,64.0,8.8,0.0
2017-04-13,Thursday,4,15.52,52915,58.5,77.0,50.0,9.8,0.03
2017-11-21,Tuesday,11,15.0,52451,49.1,59.0,37.0,11.2,0.0
2017-06-14,Wednesday,6,17.42,60513,78.8,93.9,71.6,7.8,0.48
2017-08-13,Sunday,8,21.75,57518,76.8,84.9,64.9,8.0,0.16
2017-12-28,Thursday,12,11.01,13420,17.3,25.0,14.0,15.2,0.0
2017-10-31,Tuesday,10,13.94,60242,53.8,62.1,46.9,13.2,0.05
2017-06-30,Friday,6,19.61,58662,80.2,89.1,69.1,11.7,0.0
2017-11-25,Saturday,11,25.4,30518,48.6,57.9,37.0,6.9,0.0
2017-06-29,Thursday,6,17.41,64272,76.2,82.9,64.0,10.9,0.0
2017-08-26,Saturday,8,19.14,50109,71.0,78.1,64.0,5.7,0.0
2017-09-29,Friday,9,14.83,67177,63.3,77.0,57.0,9.0,0.0
2017-10-02,Monday,10,16.06,65511,64.5,73.9,52.0,4.8,0.0
2017-09-12,Tuesday,9,15.46,74580,71.9,82.0,59.0,2.9,0.0
2017-08-24,Thursday,8,20.0,66307,75.2,82.0,69.1,6.8,0.02
2017-12-20,Wednesday,12,14.19,41463,47.7,55.9,39.9,14.3,0.0
2017-12-29,Friday,12,10.92,13759,15.5,21.9,12.0,12.0,0.0
2017-08-28,Monday,8,16.82,60886,69.8,77.0,64.0,9.3,0.0
2017-04-12,Wednesday,4,14.59,51188,63.9,78.1,54.0,4.3,0.0
2017-09-25,Monday,9,14.69,69200,77.5,91.0,71.1,5.5,0.0
2017-09-01,Friday,9,16.9,54881,65.4,82.0,55.9,10.7,0.0
2016-09-30,Friday,9,11.51,21381,62.1,66.9,60.1,21.8,0.0
2016-05-30,Monday,5,19.59,32619,73.5,87.1,69.1,6.6,1.53
2016-03-04,Friday,3,12.66,17369,33.7,42.1,27.0,10.0,0.04
2016-03-28,Monday,3,14.66,20345,47.3,62.1,42.8,11.2,0.19
2016-09-11,Sunday,9,19.23,52245,80.6,91.0,75.9,11.5,0.0
2016-09-29,Thursday,9,12.95,55578,63.2,71.1,60.1,18.2,0.0
2016-07-25,Monday,7,14.4,35379,84.3,93.9,75.9,8.2,0.02
2016-07-29,Friday,7,15.57,37703,78.1,93.9,71.1,8.3,0.89
2016-03-27,Sunday,3,21.43,22483,45.8,54.0,39.0,6.8,0.0
2016-04-11,Monday,4,14.77,32048,50.2,61.0,33.1,11.7,0.0
2016-03-29,Tuesday,3,14.37,31481,49.7,63.0,43.0,21.8,0.32
2016-01-22,Friday,1,14.86,20950,27.3,37.9,21.9,10.5,0.0
2016-04-25,Monday,4,17.73,42308,56.6,68.0,48.0,6.5,0.0
2016-09-15,Thursday,9,15.07,67331,70.4,91.9,63.0,10.3,0.37
2016-08-27,Saturday,8,20.0,45674,82.4,91.0,75.9,8.2,0.0
2016-01-03,Sunday,1,15.74,15499,40.0,46.9,34.0,9.9,0.0
2016-07-21,Thursday,7,15.43,54842,80.9,91.0,71.1,8.3,0.0
2016-09-08,Thursday,9,14.54,61596,79.0,88.0,72.0,6.0,0.0
2016-05-16,Monday,5,17.33,42787,52.8,68.0,44.1,16.9,0.0
2016-09-22,Thursday,9,14.73,67810,76.8,86.0,70.0,5.8,0.0
2016-07-19,Tuesday,7,15.41,54593,80.2,97.0,75.9,10.9,0.12
2016-04-10,Sunday,4,20.43,23229,40.5,50.0,33.1,11.5,0.07
2016-02-27,Saturday,2,16.95,17226,32.6,42.1,28.0,11.5,0.0
2016-05-11,Wednesday,5,16.62,51181,63.0,73.9,51.1,5.4,0.0
2016-02-25,Thursday,2,12.41,25102,52.7,61.0,36.0,17.1,1.48
2016-05-13,Friday,5,16.22,32391,61.6,78.1,55.9,5.7,0.0
2016-04-30,Saturday,4,25.19,38258,52.8,63.0,46.9,6.2,0.02
2016-03-23,Wednesday,3,17.21,40983,57.4,71.1,50.0,9.1,0.0
2016-06-07,Tuesday,6,15.05,51812,79.3,87.1,68.0,9.1,0.0
2016-04-17,Sunday,4,24.62,38843,55.8,73.9,45.0,4.5,0.0
2016-06-18,Saturday,6,20.86,48901,73.0,86.0,63.0,5.3,0.0
2016-06-22,Wednesday,6,15.75,55749,77.9,89.1,66.9,8.8,0.0
2016-09-28,Wednesday,9,13.59,59464,67.6,75.9,62.1,10.8,0.0
2016-07-14,Thursday,7,15.63,50350,80.4,91.0,73.0,7.8,0.0
2016-02-03,Wednesday,2,11.66,16203,48.1,57.0,37.9,9.0,0.0
2016-04-14,Thursday,4,16.65,38505,49.9,61.0,42.1,6.5,0.0
2016-07-23,Saturday,7,18.09,37523,89.5,99.0,75.9,11.0,0.0
2016-01-14,Thursday,1,13.02,23780,28.7,39.0,24.1,11.0,0.0
2016-01-31,Sunday,1,16.04,16118,42.4,55.9,30.0,6.8,0.0
2016-03-19,Saturday,3,18.36,24048,43.5,57.0,37.0,7.0,0.0
2016-08-12,Friday,8,16.52,44750,86.5,98.1,75.9,7.9,0.56
2016-08-24,Wednesday,8,15.98,58154,78.6,89.1,66.9,6.4,0.0
2016-05-18,Wednesday,5,16.13,44803,59.3,69.1,55.0,7.2,0.0
2016-01-08,Friday,1,14.04,28709,40.3,48.0,32.0,7.0,0.0
2016-08-22,Monday,8,15.15,54404,76.0,89.1,71.1,15.1,0.13
2016-07-01,Friday,7,17.04,39669,76.9,87.1,70.0,8.4,0.0
2016-03-17,Thursday,3,16.21,35390,52.2,64.9,45.0,7.6,0.02
2016-02-13,Saturday,2,13.9,6625,21.6,27.0,10.9,17.0,0.0
2016-04-29,Friday,4,18.54,34878,52.0,59.0,48.0,7.8,0.0
2016-06-26,Sunday,6,19.89,42992,75.8,86.0,64.9,7.5,0.0
2016-01-07,Thursday,1,12.9,27773,39.0,48.0,26.1,3.7,0.0
2016-04-16,Saturday,4,21.13,36148,52.6,64.9,44.1,6.7,0.0
2016-07-24,Sunday,7,21.14,39637,85.2,99.0,75.9,7.0,0.0
2016-04-24,Sunday,4,23.7,37866,56.5,69.1,48.0,9.7,0.0
2015-12-31,Thursday,12,16.82,20376,47.0,48.2,46.0,5.7,0.17
2015-12-14,Monday,12,13.53,32518,53.7,62.1,51.1,5.6,0.0
2015-06-19,Friday,6,14.67,37380,73.2,84.9,64.9,6.0,0.0
2015-02-15,Sunday,2,9.5,2581,20.5,32.0,10.9,19.7,0.01
2015-09-30,Wednesday,9,14.55,39445,73.2,82.9,66.0,10.6,1.05
2015-02-22,Sunday,2,11.95,4274,34.1,42.1,14.0,3.7,0.71
2015-05-12,Tuesday,5,15.16,35225,74.9,87.1,64.0,9.1,0.0
2015-04-03,Friday,4,13.7,14774,59.2,63.0,39.0,9.5,0.0
2015-06-08,Monday,6,14.49,33585,67.5,77.0,57.0,11.6,0.0
2015-02-24,Tuesday,2,10.75,7402,12.4,37.9,6.1,9.9,0.0
2015-07-25,Saturday,7,20.2,31639,78.1,84.9,71.1,6.3,0.0
2015-02-28,Saturday,2,10.82,6318,22.1,30.0,15.1,7.2,0.0
2015-06-10,Wednesday,6,15.83,39350,74.2,84.9,66.0,8.2,0.01
2015-01-24,Saturday,1,10.51,4814,35.1,39.9,28.0,8.3,0.66
2015-03-21,Saturday,3,13.6,9338,34.9,46.9,28.9,7.1,0.29
2015-01-28,Wednesday,1,14.17,5401,23.5,34.0,17.1,11.7,0.01
2015-04-24,Friday,4,14.68,20981,43.4,50.0,39.0,16.1,0.0
2015-11-18,Wednesday,11,13.99,41485,50.5,59.0,41.0,7.3,0.0
2015-12-12,Saturday,12,20.0,31957,59.0,66.0,48.9,3.6,0.0
2015-03-30,Monday,3,12.11,18075,42.2,55.0,27.0,10.8,0.0
2015-10-23,Friday,10,17.51,44679,60.0,75.9,52.0,11.0,0.0
2015-06-01,Monday,6,10.94,15283,57.4,86.0,54.0,13.8,1.69
2015-03-27,Friday,3,11.58,14107,44.9,57.0,37.9,7.7,0.52
2015-05-10,Sunday,5,20.35,26573,66.3,82.0,53.1,6.0,0.01
2015-02-14,Saturday,2,10.43,4614,22.9,32.0,9.0,7.1,0.0
2015-05-08,Friday,5,16.28,34304,64.2,79.0,52.0,6.3,0.0
2015-11-22,Sunday,11,16.72,23343,52.1,55.9,43.0,7.9,0.0
2015-05-13,Wednesday,5,15.45,33402,65.1,87.1,57.9,15.3,0.0
2015-08-07,Friday,8,15.61,40999,75.8,82.0,69.1,8.3,0.0
2015-01-23,Friday,1,10.66,15737,32.4,39.0,28.0,9.9,0.0
2015-10-26,Monday,10,15.21,42165,53.0,68.0,48.0,8.4,0.02
2015-08-01,Saturday,8,19.97,35179,83.7,91.0,73.9,7.8,0.0
2015-02-26,Thursday,2,11.26,9901,26.9,37.9,21.0,9.3,0.0
2015-10-13,Tuesday,10,16.98,49047,66.1,75.9,55.9,6.8,0.0
2015-01-15,Thursday,1,10.56,14075,29.5,34.0,17.1,7.6,0.0
2015-09-27,Sunday,9,20.84,38285,62.2,70.0,55.9,9.1,0.0
2015-03-15,Sunday,3,12.1,8838,44.1,51.1,37.0,14.0,0.81
2015-06-26,Friday,6,15.52,38614,74.8,84.9,69.1,7.7,0.0
2015-06-24,Wednesday,6,15.16,41070,77.1,91.9,69.1,10.1,0.07
2015-10-08,Thursday,10,18.03,50179,64.2,73.0,59.0,5.9,0.0
2015-12-08,Tuesday,12,13.69,35614,45.3,55.0,41.0,6.5,0.0
2015-12-10,Thursday,12,14.73,39099,55.0,61.0,39.0,6.0,0.0
2015-04-05,Sunday,4,18.11,13799,50.1,62.1,43.0,11.2,0.0
2015-08-13,Thursday,8,17.92,42170,75.7,84.9,69.1,7.6,0.0
2015-07-14,Tuesday,7,14.04,35802,76.1,84.9,71.1,6.8,0.0
2015-12-06,Sunday,12,19.68,24943,47.1,53.1,39.9,3.6,0.0
2015-10-21,Wednesday,10,16.54,49121,65.5,75.9,48.9,5.9,0.0
2015-02-03,Tuesday,2,12.79,4754,19.3,33.1,14.0,13.4,0.26
2015-04-13,Monday,4,15.16,24925,55.6,64.9,44.1,8.0,0.0
2015-05-01,Friday,5,14.36,27924,52.6,64.0,46.9,7.6,0.0
2015-07-24,Friday,7,15.1,40330,78.2,84.9,71.1,5.4,0.0
2015-04-02,Thursday,4,20.77,24227,49.9,63.0,34.0,8.4,0.0
2015-06-09,Tuesday,6,13.75,35412,73.3,84.9,62.1,10.1,0.05
2015-07-27,Monday,7,15.52,38747,79.9,89.1,75.0,8.6,0.05
2015-03-13,Friday,3,12.06,16145,37.1,46.9,30.9,8.4,0.0
2015-02-25,Wednesday,2,10.86,10751,27.7,37.9,6.1,8.7,0.0
2015-11-24,Tuesday,11,13.3,32218,39.2,46.9,33.1,7.2,0.0
2015-05-22,Friday,5,15.43,31891,61.8,75.0,53.1,9.9,0.0
2015-03-24,Tuesday,3,11.33,16166,33.6,44.1,24.1,7.4,0.0
2015-10-22,Thursday,10,17.31,49604,65.0,75.9,57.0,7.2,0.0
2015-10-12,Monday,10,18.56,45584,64.5,75.9,53.1,6.4,0.0
2015-10-27,Tuesday,10,14.86,44553,52.2,59.0,46.0,6.0,0.0
2015-11-15,Sunday,11,18.14,25990,47.4,59.0,42.1,8.5,0.0
2015-08-27,Thursday,8,14.39,43173,74.2,82.9,68.0,9.0,0.0
2015-08-12,Wednesday,8,18.28,42994,77.3,84.9,71.1,9.4,0.51
2015-07-13,Monday,7,15.63,38485,80.4,89.1,73.0,6.9,0.0
2015-02-16,Monday,2,9.93,3998,10.2,26.1,3.9,15.4,0.0
2015-03-07,Saturday,3,14.79,5590,26.8,37.9,15.1,9.3,0.0
2015-02-06,Friday,2,10.62,8575,18.1,39.9,12.0,13.3,0.0
2015-02-18,Wednesday,2,10.8,9170,24.2,30.9,14.0,5.0,0.02
2015-07-31,Friday,7,14.98,38571,81.1,91.0,73.9,6.8,1.62
2015-04-10,Friday,4,12.31,16317,43.0,57.2,39.2,6.9,0.25
2015-03-05,Thursday,3,15.43,1637,32.9,44.1,21.2,8.6,0.46
2015-10-03,Saturday,10,20.16,16564,51.6,55.0,48.2,21.6,1.45
2015-09-26,Saturday,9,21.35,42560,65.9,70.0,60.8,9.5,0.0
2015-02-09,Monday,2,10.57,5160,28.9,35.6,25.9,15.3,0.03
2015-06-18,Thursday,6,13.13,35464,66.8,69.8,64.4,7.5,0.0
2015-04-11,Saturday,4,16.44,18643,55.3,57.2,51.1,14.7,0.24
2015-11-29,Sunday,11,15.97,18452,43.0,46.9,37.9,8.7,0.03
2015-09-09,Wednesday,9,13.64,44005,81.1,88.0,75.2,10.4,0.0
2015-12-27,Sunday,12,21.12,13177,52.4,62.6,46.0,6.8,0.14
2015-04-08,Wednesday,4,13.85,17872,43.0,57.0,39.9,12.3,0.16
2015-09-12,Saturday,9,19.28,33661,74.6,81.0,66.0,7.2,0.0
2015-08-19,Wednesday,8,15.05,40726,80.2,89.1,75.9,9.6,0.0
2015-06-02,Tuesday,6,11.23,11984,52.0,57.9,50.0,10.2,0.47
2015-08-21,Friday,8,14.39,38038,78.7,87.1,71.1,9.1,0.32
2015-03-20,Friday,3,11.09,8052,34.4,42.1,28.9,8.4,0.0
2015-04-21,Tuesday,4,16.3,24868,57.4,66.9,45.0,9.0,0.95
2015-07-07,Tuesday,7,14.44,36837,79.5,88.0,71.1,9.2,0.0
2015-12-18,Friday,12,14.7,30704,51.1,59.0,43.0,9.6,0.88
2015-11-11,Wednesday,11,14.94,37705,53.2,59.0,50.0,12.7,0.5
2015-06-27,Saturday,6,15.9,15485,69.0,80.1,62.1,8.5,0.0
2015-06-30,Tuesday,6,14.46,38087,75.3,82.0,64.0,9.5,0.0
2015-05-24,Sunday,5,21.74,25151,65.7,81.0,50.0,8.7,0.0
2015-11-04,Wednesday,11,16.94,49487,61.5,73.0,51.1,3.6,0.0
2015-03-09,Monday,3,12.64,14878,44.9,54.0,35.1,6.5,0.02
2015-09-16,Wednesday,9,16.26,51179,76.8,87.1,64.9,2.7,0.0
2015-07-15,Wednesday,7,14.37,34979,75.9,81.0,71.1,6.5,0.95
2015-04-04,Saturday,4,15.03,14355,52.0,63.0,46.9,14.3,0.04
2015-09-10,Thursday,9,12.54,22253,75.3,89.1,72.0,8.5,0.66
2015-07-18,Saturday,7,18.42,28870,76.3,86.0,68.0,9.5,0.0
2015-05-19,Tuesday,5,14.04,33895,61.6,82.0,55.0,6.2,0.01
2015-08-23,Sunday,8,18.22,33071,75.8,84.0,70.0,5.9,0.0
2015-06-22,Monday,6,15.12,37677,79.6,90.0,69.1,10.1,0.29
2015-03-17,Tuesday,3,11.78,14857,47.9,54.0,36.0,10.6,0.0
2015-05-30,Saturday,5,18.94,31147,73.1,82.9,64.0,9.8,0.0
2015-11-19,Thursday,11,14.64,21890,59.7,64.0,45.0,11.7,0.0
2015-01-13,Tuesday,1,10.31,12797,30.2,39.0,19.0,12.1,0.39
2015-02-07,Saturday,2,11.44,6790,29.0,36.0,12.0,7.1,0.0
2015-01-22,Thursday,1,10.68,15864,34.0,39.0,25.0,5.3,0.0
2015-05-05,Tuesday,5,16.95,33012,72.7,82.0,54.0,7.5,0.0
2015-01-31,Saturday,1,10.45,5188,20.4,37.0,12.9,21.5,0.01
2015-01-16,Friday,1,10.42,13843,34.0,42.1,25.0,13.0,0.0
2015-10-15,Thursday,10,17.14,48783,58.5,68.0,52.0,9.1,0.0
2015-07-19,Sunday,7,19.22,28531,84.3,93.9,72.0,5.9,0.18
2015-10-04,Sunday,10,20.88,30214,57.1,63.0,48.9,18.2,0.02
2015-04-15,Wednesday,4,16.24,27594,59.1,70.0,51.1,7.4,0.0
2015-09-18,Friday,9,17.84,50285,76.9,87.1,70.0,5.0,0.0
2015-04-18,Saturday,4,22.17,28174,66.0,79.0,54.0,5.7,0.0
2015-06-04,Thursday,6,13.39,32772,58.1,69.1,53.1,9.4,0.0
2015-06-25,Thursday,6,14.26,39673,76.8,84.9,69.1,6.0,0.0
2015-10-11,Sunday,10,25.43,38967,59.7,70.0,52.0,6.2,0.0
2015-03-23,Monday,3,10.82,13538,30.5,44.1,24.1,12.3,0.0
2015-04-30,Thursday,4,15.55,29252,52.4,75.9,46.9,13.1,0.0
2015-12-28,Monday,12,14.82,18889,44.8,62.1,39.0,11.7,0.02
2015-08-08,Saturday,8,21.16,38723,74.7,82.0,69.1,6.0,0.0
2015-02-12,Thursday,2,10.8,11269,32.3,39.9,21.9,6.9,0.0
2015-10-28,Wednesday,10,14.43,20736,56.9,70.0,46.0,12.7,0.0
2015-05-17,Sunday,5,19.89,30969,70.4,82.9,57.0,3.2,0.28
2015-04-25,Saturday,4,18.38,21082,46.1,60.1,39.0,11.8,0.0
2015-01-08,Thursday,1,9.93,8779,13.2,25.0,8.1,14.6,0.0
2015-09-08,Tuesday,9,15.74,42766,83.3,95.0,71.1,7.8,0.0
2015-02-19,Thursday,2,9.93,7799,22.0,30.9,15.1,14.9,0.0
2015-08-10,Monday,8,20.88,39870,74.5,84.0,70.0,8.5,0.0
2015-10-07,Wednesday,10,16.42,50141,64.6,73.0,55.0,5.5,0.0
2015-10-16,Friday,10,17.56,46484,59.0,64.0,52.0,10.0,0.0
2015-08-29,Saturday,8,21.11,34381,76.8,84.9,66.0,5.3,0.0
2015-12-19,Saturday,12,14.95,17778,39.2,57.0,36.0,15.5,0.01
2015-08-03,Monday,8,14.87,38888,82.5,91.9,73.0,9.1,0.0
2015-02-01,Sunday,2,10.64,6441,27.5,36.0,12.9,8.8,0.0
2015-11-08,Sunday,11,19.79,32317,53.5,72.0,48.0,9.9,0.0
2015-11-21,Saturday,11,16.87,28038,47.2,64.0,43.0,8.7,0.0
2015-11-28,Saturday,11,18.0,15830,57.2,64.9,46.9,6.8,0.0
2015-07-09,Thursday,7,15.27,31978,73.8,89.1,68.0,6.4,0.09
2015-02-27,Friday,2,11.0,9864,23.7,32.0,19.0,7.3,0.0
2015-07-11,Saturday,7,18.82,31719,78.6,86.0,72.0,3.8,0.0
2015-11-23,Monday,11,13.28,30136,41.8,55.9,36.0,13.2,0.0
2015-05-18,Monday,5,16.21,31559,63.6,75.9,55.4,7.5,0.02
2015-10-02,Friday,10,18.7,9444,53.9,57.9,50.0,16.3,0.13
2015-12-15,Tuesday,12,13.75,38661,60.7,64.4,55.0,12.4,0.39
2015-08-04,Tuesday,8,14.25,40783,83.1,91.0,69.8,9.7,0.3
2015-10-05,Monday,10,18.54,44581,57.2,64.9,51.8,11.5,0.0
2015-11-20,Friday,11,16.31,38205,58.9,64.4,53.1,12.5,1.16
2016-06-17,Friday,6,16.92,54236,71.2,77.0,66.0,6.4,0.0
2016-08-19,Friday,8,16.08,51669,81.6,89.1,75.0,6.6,0.0
2016-01-17,Sunday,1,16.35,12024,38.9,46.9,30.2,9.5,0.02
2016-02-16,Tuesday,2,12.41,14542,46.1,57.2,30.9,13.4,0.49
2016-05-07,Saturday,5,20.77,31078,52.3,57.2,48.2,8.7,0.18
2016-01-16,Saturday,1,16.92,19178,46.3,52.0,34.0,9.6,0.24
2016-08-10,Wednesday,8,14.84,50114,81.5,89.1,75.0,9.3,0.01
2016-04-04,Monday,4,11.24,12302,39.7,50.0,35.1,9.4,0.11
2016-09-04,Sunday,9,21.0,46023,72.1,81.0,66.0,9.5,0.0
2016-07-28,Thursday,7,14.93,50151,84.7,93.9,77.0,6.1,0.0
2016-06-13,Monday,6,15.07,49069,66.0,86.0,59.0,16.9,0.0
2016-09-17,Saturday,9,19.25,59200,69.2,78.1,64.0,6.3,0.0
2016-06-27,Monday,6,14.96,47023,75.7,86.0,69.1,9.9,0.0
2016-07-03,Sunday,7,23.13,35348,75.4,82.0,68.0,7.3,0.0
2016-02-12,Friday,2,15.26,16449,21.7,32.0,17.1,12.3,0.05
2016-06-15,Wednesday,6,15.64,55049,75.3,87.1,60.1,6.2,0.0
2016-05-27,Friday,5,17.44,46937,76.6,91.9,55.0,7.2,0.0
2016-07-11,Monday,7,15.01,52870,74.5,82.0,68.5,8.7,0.0
2016-08-14,Sunday,8,17.4,32961,90.7,97.0,82.0,8.6,0.0
2016-08-03,Wednesday,8,15.26,57003,74.2,81.0,68.0,7.5,0.0
2016-02-19,Friday,2,13.21,21959,30.2,37.4,25.0,7.6,0.0
2016-04-12,Tuesday,4,13.98,23765,53.2,61.0,44.1,10.9,0.04
2016-01-18,Monday,1,12.47,12718,29.0,44.1,24.1,15.0,0.05
2016-07-13,Wednesday,7,16.68,55486,78.1,86.0,71.1,8.8,0.0
2016-03-20,Sunday,3,19.04,16678,38.9,46.9,33.1,12.7,0.0
2016-04-03,Sunday,4,18.48,15322,42.3,61.0,35.1,19.7,0.24
2016-09-07,Wednesday,9,15.66,60500,77.2,86.0,71.6,11.2,0.01
2016-07-15,Friday,7,15.1,48572,86.6,91.9,75.0,6.4,0.5
2016-08-07,Sunday,8,19.05,43631,81.5,91.0,73.9,9.2,0.0
2016-05-12,Thursday,5,16.94,52273,66.2,78.1,53.1,5.7,0.0
2016-02-21,Sunday,2,19.64,20052,53.1,62.1,39.9,8.4,0.0
2016-01-11,Monday,1,11.94,22937,37.8,59.0,30.9,16.0,0.79
2016-01-04,Monday,1,12.86,19593,33.7,46.9,21.0,13.9,0.0
2016-06-06,Monday,6,16.09,52149,75.1,87.1,66.9,9.1,0.67
2016-02-14,Sunday,2,15.78,4653,8.3,24.1,1.0,15.8,0.0
2016-09-13,Tuesday,9,15.12,64839,73.2,82.0,64.0,7.7,0.0
2016-09-24,Saturday,9,17.91,53259,68.5,89.1,59.0,9.5,0.44
2016-09-05,Monday,9,19.36,45436,73.8,84.0,66.0,10.8,0.0
2016-08-29,Monday,8,15.81,53288,82.1,91.0,73.9,8.6,0.0
2016-09-14,Wednesday,9,14.4,59203,78.0,91.9,68.0,8.5,0.0
2016-03-13,Sunday,3,22.45,27550,56.7,64.0,41.0,5.6,0.0
2016-04-13,Wednesday,4,15.09,37539,48.4,57.9,42.1,8.8,0.19
2016-09-02,Friday,9,16.31,53007,75.0,82.9,68.0,9.2,0.31
2016-03-31,Thursday,3,18.08,38348,57.2,70.0,39.0,11.1,0.0
2016-02-26,Friday,2,12.97,22573,36.6,41.0,33.1,17.7,0.02
2016-07-30,Saturday,7,17.54,27780,78.4,84.9,71.1,7.2,0.13
2016-08-28,Sunday,8,19.59,44639,80.7,89.1,73.9,6.3,0.0
2016-05-24,Tuesday,5,14.57,34796,65.6,77.0,55.9,5.3,0.26
2016-01-19,Tuesday,1,11.17,17281,22.8,33.1,18.0,19.0,0.0
2016-04-02,Saturday,4,18.66,21839,56.3,79.0,48.9,6.9,0.01
2016-02-29,Monday,2,13.31,27954,51.2,61.0,39.0,9.4,0.0
2016-05-15,Sunday,5,20.69,28661,56.0,73.0,48.0,15.4,0.0
2016-04-20,Wednesday,4,17.06,44547,58.8,69.1,51.1,10.7,0.0
2016-07-16,Saturday,7,18.13,38406,84.1,91.9,77.0,8.0,0.0
2016-02-17,Wednesday,2,12.86,23572,39.9,57.0,35.1,12.6,0.8
2014-02-13,Thursday,2,81.11,876,28.7,36.0,14.0,15.8,0.18
2014-12-17,Wednesday,12,11.69,20346,46.5,53.1,36.0,8.6,0.19
2014-11-17,Monday,11,12.37,8116,43.6,53.1,35.1,5.8,0.51
2014-05-01,Thursday,5,14.31,26762,59.3,77.0,42.1,7.9,4.88
2014-03-20,Thursday,3,11.97,19695,45.3,53.1,30.9,11.4,0.99
2014-06-05,Thursday,6,13.55,24619,67.0,81.0,62.1,7.9,0.4
2014-07-14,Monday,7,12.62,25825,77.2,84.9,71.1,6.3,0.41
2014-10-24,Friday,10,13.54,29837,54.7,62.1,51.1,11.2,0.23
2014-09-16,Tuesday,9,13.02,25633,63.9,73.0,55.0,5.6,0.01
2014-04-07,Monday,4,11.32,14677,46.1,59.0,37.0,6.9,0.0
2014-03-31,Monday,3,11.83,17085,42.1,53.1,35.6,15.2,0.29
2014-10-30,Thursday,10,13.21,31133,54.0,72.0,50.0,8.4,0.0
2014-07-19,Saturday,7,16.62,29291,73.1,82.0,68.0,6.0,0.0
2014-05-31,Saturday,5,16.66,27734,64.0,75.9,55.9,10.6,0.03
2014-08-09,Saturday,8,18.44,31636,77.5,87.1,66.0,4.0,0.0
2014-01-20,Monday,1,13.1,13407,39.6,46.0,25.0,11.1,0.0
2014-05-23,Friday,5,12.9,24484,60.3,68.0,57.0,6.0,0.01
2014-08-13,Wednesday,8,13.22,27977,73.4,86.0,68.0,13.5,0.77
2014-01-17,Friday,1,12.21,20301,38.3,46.0,33.1,5.5,0.0
2014-09-09,Tuesday,9,13.62,34518,68.1,77.0,64.0,12.5,0.0
2014-11-16,Sunday,11,13.05,13272,39.4,44.1,34.0,5.4,0.0
2014-02-27,Thursday,2,10.51,12036,24.7,33.1,19.0,9.6,0.01
2014-06-08,Sunday,6,18.07,30162,76.4,84.9,63.0,5.5,0.0
2014-08-28,Thursday,8,13.82,33927,76.5,89.1,70.0,8.9,0.0
2014-09-26,Friday,9,14.92,35116,66.4,77.0,57.9,7.0,0.15
2014-02-01,Saturday,2,13.67,12771,38.2,44.1,26.1,3.2,0.0
2014-10-29,Wednesday,10,12.75,29999,64.2,72.0,53.1,7.1,0.0
2014-03-10,Monday,3,11.22,17231,41.9,51.1,35.1,8.7,0.0
2014-09-14,Sunday,9,17.44,28688,62.1,71.1,55.0,7.4,0.19
2014-12-03,Wednesday,12,14.23,13472,43.5,46.9,35.1,8.3,0.12
2014-03-30,Sunday,3,12.75,7907,44.1,55.0,41.0,12.4,1.97
2014-12-23,Tuesday,12,11.7,9422,44.1,46.4,42.8,9.9,0.17
2014-10-02,Thursday,10,14.13,34492,63.3,68.0,60.1,9.1,0.0
2014-08-31,Sunday,8,17.05,18053,77.4,91.9,66.9,9.4,0.0
2014-03-03,Monday,3,11.46,7708,25.9,39.0,19.9,10.6,0.01
2014-04-13,Sunday,4,18.38,26871,59.8,73.9,48.9,8.2,0.0
2014-12-22,Monday,12,12.2,13560,37.9,43.0,32.0,7.1,0.0
2014-04-27,Sunday,4,15.82,21926,51.3,64.0,45.0,10.8,0.06
2014-10-28,Tuesday,10,12.99,32956,60.4,72.0,51.1,6.1,0.0
2014-08-05,Tuesday,8,13.75,34392,79.7,89.1,71.1,4.4,0.0
2014-04-12,Saturday,4,17.64,27108,58.8,73.9,48.9,6.6,0.0
2014-11-09,Sunday,11,15.17,18207,49.9,57.0,37.9,6.2,0.0
2014-08-25,Monday,8,13.79,32892,75.4,86.0,64.9,4.4,0.0
2014-06-16,Monday,6,14.27,34932,72.0,81.0,61.0,5.3,0.0
2014-07-30,Wednesday,7,13.56,37377,72.5,82.9,64.9,6.5,0.0
2014-10-10,Friday,10,14.82,30887,60.3,69.1,54.0,6.5,0.0
2014-08-16,Saturday,8,18.71,32017,71.7,79.0,63.0,7.1,0.0
2014-11-30,Sunday,11,14.76,12384,46.5,53.1,28.9,7.7,0.0
2014-07-23,Wednesday,7,13.11,34173,80.2,89.1,72.0,9.9,0.0
2014-08-15,Friday,8,13.88,32480,69.6,79.0,63.0,9.2,0.0
2014-04-18,Friday,4,12.43,20770,39.9,46.9,35.1,7.1,0.0
2014-08-11,Monday,8,13.77,33664,79.7,87.1,71.1,5.9,0.0
2014-03-25,Tuesday,3,10.42,16037,31.6,37.9,21.9,7.5,0.0
2014-10-20,Monday,10,17.18,27914,49.8,61.0,44.1,8.4,0.0
2014-10-09,Thursday,10,13.68,32203,64.2,73.0,57.9,12.6,0.03
2014-08-14,Thursday,8,14.36,35154,72.0,86.0,64.0,11.6,0.15
2014-03-02,Sunday,3,11.22,8195,36.6,39.0,21.0,6.0,0.0
2014-10-26,Sunday,10,15.55,20768,59.6,68.0,52.0,13.3,0.0
2014-12-01,Monday,12,12.89,18519,55.4,64.0,44.1,7.6,0.0
2014-06-22,Sunday,6,16.58,29417,70.1,77.0,64.0,6.4,0.0
2014-08-17,Sunday,8,16.75,27417,74.7,82.9,66.0,7.7,0.0
2014-02-02,Sunday,2,13.74,13816,40.3,55.0,30.0,3.3,0.0
2014-01-12,Sunday,1,12.07,12515,47.6,55.9,34.0,13.6,0.45
2014-08-30,Saturday,8,17.23,22689,71.7,79.0,64.0,6.7,0.0
2014-08-23,Saturday,8,16.31,26429,70.1,75.9,66.9,8.2,0.04
2014-05-26,Monday,5,19.53,26930,75.2,87.1,55.9,7.2,0.0
2014-08-29,Friday,8,14.23,31264,70.3,80.1,64.0,8.0,0.0
2014-01-24,Friday,1,13.03,6176,15.7,21.0,8.1,12.8,0.0
2014-09-23,Tuesday,9,14.32,36347,60.9,73.0,54.0,7.0,0.0
2014-05-06,Tuesday,5,14.3,32233,59.2,68.0,50.0,8.6,0.0
2014-08-10,Sunday,8,17.21,26749,78.9,87.1,70.0,4.8,0.0
2014-03-18,Tuesday,3,11.35,16679,32.1,41.0,23.0,9.4,0.0
2014-08-19,Tuesday,8,13.93,35367,72.5,81.0,64.0,6.9,0.0
2014-12-02,Tuesday,12,11.43,15367,39.7,46.0,35.1,12.3,0.05
2014-09-07,Sunday,9,17.49,29721,73.1,91.0,66.0,8.2,0.21
2014-05-03,Saturday,5,18.09,25501,61.7,69.1,54.0,7.2,0.0
2014-06-27,Friday,6,14.69,35823,74.5,86.0,68.0,7.5,0.0
2016-05-03,Tuesday,5,16.13,22858,54.5,62.1,45.0,7.3,0.73
2016-05-04,Wednesday,5,13.67,31619,51.3,55.0,48.9,9.0,0.07
2016-07-31,Sunday,7,16.09,27651,77.7,84.0,75.0,8.1,0.18
2016-05-01,Sunday,5,14.55,10697,50.1,63.0,46.9,7.3,0.0
2016-01-10,Sunday,1,15.18,14275,50.9,59.0,41.0,12.7,0.63
2016-07-10,Sunday,7,20.97,41991,73.0,81.0,66.9,7.0,0.41
2016-03-15,Tuesday,3,15.49,31596,48.0,57.0,41.0,12.8,0.17
2016-02-23,Tuesday,2,12.88,16133,38.8,53.1,36.0,13.0,0.0
2016-04-19,Tuesday,4,15.25,46075,65.5,80.1,48.9,8.6,0.0
2016-05-10,Tuesday,5,15.38,44849,59.1,73.9,51.1,7.6,0.0
2016-02-01,Monday,2,13.25,24334,50.5,59.0,37.0,6.5,0.0
2016-03-30,Wednesday,3,16.18,33684,45.4,53.1,39.0,10.7,0.0
2016-09-16,Friday,9,15.4,65275,68.5,75.0,63.0,6.4,0.0
2016-09-03,Saturday,9,19.12,41630,73.5,82.9,68.0,10.8,0.0
2016-08-21,Sunday,8,20.34,35051,80.7,89.1,75.0,9.7,0.12
2016-09-01,Thursday,9,13.34,38187,76.9,90.0,73.0,5.6,0.03
2016-04-08,Friday,4,16.41,30817,48.9,60.1,44.1,13.7,0.15
2016-05-19,Thursday,5,16.15,49182,60.9,71.1,55.0,5.3,0.0
2016-06-19,Sunday,6,21.22,45270,75.1,86.0,63.0,7.5,0.0
2016-07-18,Monday,7,15.44,43687,86.3,97.0,77.0,8.5,0.0
2016-07-07,Thursday,7,14.11,48742,85.1,96.1,77.0,7.3,0.0
2016-04-22,Friday,4,19.97,48815,70.0,78.1,50.0,7.1,0.0
2016-02-22,Monday,2,14.05,28233,46.0,57.0,39.0,6.1,0.05
2016-06-11,Saturday,6,18.5,41030,74.6,90.0,59.0,7.0,0.0
2016-09-21,Wednesday,9,14.89,65463,77.6,84.9,71.1,4.0,0.0
2016-02-24,Wednesday,2,11.92,9761,39.8,55.4,35.6,14.0,0.3
2016-04-26,Tuesday,4,16.31,34643,54.4,68.0,50.0,9.4,0.19
2016-04-05,Tuesday,4,15.08,26238,33.3,45.0,27.0,13.3,0.5
2016-09-23,Friday,9,15.44,65517,77.2,89.1,69.1,4.3,0.0
2016-08-15,Monday,8,14.42,49063,84.6,98.1,78.1,5.6,0.01
2016-06-24,Friday,6,15.93,54186,74.7,84.9,68.0,8.7,0.0
2016-07-27,Wednesday,7,15.9,54163,84.5,93.9,75.0,6.6,0.0
2016-08-23,Tuesday,8,16.09,58674,74.3,84.0,66.9,6.4,0.0
2016-03-02,Wednesday,3,13.53,26195,46.5,55.9,36.0,15.1,0.17
2016-02-08,Monday,2,12.81,19026,36.7,39.9,30.2,13.5,0.0
2016-04-09,Saturday,4,20.66,12702,41.1,46.9,37.4,8.1,0.0
2016-09-09,Friday,9,14.74,56813,86.5,93.0,73.0,7.5,0.0
2016-07-22,Friday,7,15.72,49191,85.1,98.1,75.0,11.3,0.0
2016-01-21,Thursday,1,13.7,23672,32.6,37.9,28.0,10.8,0.0
2016-02-28,Sunday,2,20.96,25437,46.3,61.0,28.0,10.1,0.0
2016-03-01,Tuesday,3,15.12,30509,46.6,61.0,39.9,11.4,0.07
2016-07-06,Wednesday,7,14.84,51353,85.8,96.1,69.1,5.3,0.57
2016-09-12,Monday,9,16.01,61103,71.3,84.0,64.0,8.2,0.0
2016-02-18,Thursday,2,14.31,22261,33.9,41.0,28.9,12.8,0.0
2016-07-20,Wednesday,7,15.27,57225,77.9,88.0,71.1,7.2,0.0
2016-08-20,Saturday,8,21.15,45817,79.0,89.1,75.0,6.3,0.02
2016-05-08,Sunday,5,21.02,31197,55.4,64.9,48.9,9.8,0.07
2016-01-09,Saturday,1,14.84,20846,43.7,48.0,34.0,10.8,0.0
2016-01-15,Friday,1,14.49,28435,40.2,52.0,24.1,4.8,0.0
2016-08-11,Thursday,8,14.22,47430,86.8,97.0,75.9,7.2,0.05
2016-06-12,Sunday,6,19.73,40637,80.2,90.0,64.0,14.0,0.1
2016-07-26,Tuesday,7,15.44,52912,81.7,93.9,75.0,8.3,0.77
2016-03-12,Saturday,3,22.66,32771,49.6,66.0,41.0,7.2,0.0
2017-08-18,Friday,8,17.12,36620,77.3,82.9,70.0,7.7,0.01
2017-04-26,Wednesday,4,12.71,37727,55.2,62.1,50.0,11.9,0.73
2017-06-18,Sunday,6,22.72,49472,75.3,84.0,64.0,8.8,1.26
2017-05-06,Saturday,5,17.84,46618,62.4,66.9,53.1,13.8,2.31
2017-09-06,Wednesday,9,13.88,42295,69.9,84.9,62.1,7.0,0.0
2017-09-26,Tuesday,9,14.12,71518,73.7,86.0,68.0,5.6,0.0
2017-05-23,Tuesday,5,15.91,60032,63.4,70.0,57.0,4.9,0.53
2017-07-03,Monday,7,21.41,48193,83.3,91.0,73.0,7.2,0.0
2017-11-28,Tuesday,11,13.06,51170,44.0,53.1,37.0,8.1,0.0
2017-04-23,Sunday,4,20.7,49107,54.7,64.9,48.0,7.0,0.07
2017-07-04,Tuesday,7,25.36,49924,77.8,90.0,70.0,4.2,0.12
2017-10-21,Saturday,10,18.13,65874,67.7,79.0,59.0,4.6,0.0
2017-09-09,Saturday,9,18.97,60155,63.7,73.0,57.9,9.1,0.0
2017-05-10,Wednesday,5,15.49,58454,56.8,64.9,48.9,6.2,0.0
2017-11-18,Saturday,11,14.61,27745,44.0,52.0,36.0,7.2,0.0
2017-05-27,Saturday,5,20.08,46534,67.4,75.9,57.0,8.0,0.12
2017-04-07,Friday,4,12.25,35779,50.1,54.0,43.0,13.2,0.83
2017-12-11,Monday,12,12.99,41838,38.0,43.0,32.0,9.4,0.0
2017-10-20,Friday,10,17.64,72173,66.9,73.9,57.9,9.7,0.0
2017-06-05,Monday,6,15.64,55883,61.8,71.1,59.0,7.9,0.06
2017-12-01,Friday,12,12.98,50708,50.4,54.0,39.9,9.3,0.02
2017-10-08,Sunday,10,27.23,41044,74.0,82.0,66.0,9.3,0.0
2017-10-13,Friday,10,17.57,67020,59.1,68.0,53.1,11.2,0.03
2017-11-11,Saturday,11,13.74,28142,31.0,37.9,26.1,11.3,0.0
2017-05-07,Sunday,5,15.37,34293,56.1,66.9,53.1,12.2,0.01
2017-04-28,Friday,4,16.74,62199,66.6,84.9,55.0,5.9,0.01
2017-08-08,Tuesday,8,18.12,65233,70.3,80.1,64.9,7.1,0.43
2017-10-07,Saturday,10,26.91,63635,72.4,82.0,66.0,6.4,0.0
2017-04-21,Friday,4,13.17,39868,52.3,66.0,48.9,11.2,0.3
2017-09-02,Saturday,9,21.4,37812,63.2,72.0,55.9,7.9,0.0
2017-09-04,Monday,9,22.74,55285,71.3,82.0,59.0,11.2,0.4
2017-10-04,Wednesday,10,17.48,71454,64.8,75.0,57.9,6.8,0.0
2017-07-06,Thursday,7,17.69,62147,74.5,84.9,69.1,7.1,0.0
2017-10-06,Friday,10,26.95,70257,74.7,84.0,66.0,7.0,0.0
2017-10-27,Friday,10,18.72,69268,55.7,63.0,51.1,8.9,0.0
2017-10-05,Thursday,10,15.33,70174,73.0,84.0,57.9,9.5,0.0
2017-08-23,Wednesday,8,20.26,65070,78.2,84.0,73.4,11.1,0.25
2017-05-04,Thursday,5,16.84,57429,57.7,66.9,51.1,8.9,0.0
2017-06-04,Sunday,6,17.71,40138,66.0,73.9,59.0,6.3,0.0
2017-11-16,Thursday,11,13.12,49737,52.2,59.0,37.9,10.2,0.7
2017-08-31,Thursday,8,15.47,64881,74.0,82.0,61.0,9.8,0.01
2017-04-03,Monday,4,18.12,43485,56.4,63.0,43.0,7.0,0.0
2017-08-09,Wednesday,8,21.83,67884,76.5,84.9,64.9,5.2,0.0
2017-08-10,Thursday,8,16.36,66249,77.5,86.0,68.0,6.0,0.0
2017-06-10,Saturday,6,21.41,57087,78.1,88.0,55.9,7.6,0.0
2017-11-27,Monday,11,13.08,46733,45.3,53.1,42.1,12.9,0.0
2017-06-21,Wednesday,6,17.45,67218,80.3,87.1,70.0,8.7,0.01
2017-09-22,Friday,9,17.24,70127,73.8,81.0,68.0,11.5,0.0
2017-09-23,Saturday,9,21.88,62687,76.5,86.0,68.0,10.0,0.0
2017-04-11,Tuesday,4,23.41,57310,67.4,78.1,52.0,7.9,0.0
2017-06-09,Friday,6,19.49,66506,66.7,82.9,55.9,7.2,0.0
2018-02-20,Tuesday,2,17.41,44480,53.9,70.0,33.1,6.9,0.03
2018-03-02,Friday,3,13.45,6855,41.9,57.9,35.6,19.1,1.47
2018-04-26,Thursday,4,16.64,66077,59.6,70.0,50.0,9.9,0.29
2018-03-29,Thursday,3,16.09,39293,49.6,53.1,39.0,5.2,0.03
2018-05-10,Thursday,5,16.11,67455,59.4,73.9,54.0,6.5,0.0
2018-05-30,Wednesday,5,16.62,72321,69.0,87.1,63.0,7.8,0.0
2018-03-08,Thursday,3,11.29,28440,37.4,42.1,34.0,12.7,0.8
2018-02-14,Wednesday,2,13.46,39591,40.5,54.0,27.0,6.8,0.01
2018-02-08,Thursday,2,17.39,31564,32.8,46.9,26.1,12.9,0.85
2018-05-29,Tuesday,5,17.07,69090,72.8,87.1,55.9,6.0,0.0
2018-05-07,Monday,5,17.65,68917,62.1,75.0,54.0,5.6,0.0
2018-03-03,Saturday,3,16.37,28364,40.6,46.9,36.0,20.1,0.71
2018-01-01,Monday,1,20.77,5500,12.6,21.9,8.1,15.1,0.0
2018-02-09,Friday,2,11.61,31567,30.8,36.0,26.1,8.2,0.0
2018-02-17,Saturday,2,15.18,17921,36.0,59.0,30.0,11.3,0.05
2018-04-18,Wednesday,4,13.2,51110,44.7,55.0,39.0,11.6,0.0
2018-03-24,Saturday,3,20.73,34398,43.3,51.1,37.0,10.2,0.0
2018-01-26,Friday,1,11.98,33073,32.0,39.0,24.1,6.6,0.0
2018-03-04,Sunday,3,13.33,25262,41.9,46.9,37.9,16.6,0.0
2018-04-22,Sunday,4,21.24,54284,55.2,64.9,41.0,8.1,0.0
2018-03-27,Tuesday,3,12.18,41354,39.4,50.0,34.0,5.8,0.0
2018-03-31,Saturday,3,26.89,41794,47.1,60.1,39.9,10.7,0.04
2018-03-18,Sunday,3,14.38,25158,37.4,48.0,28.9,11.6,0.0
2018-04-08,Sunday,4,14.94,28410,38.9,48.9,33.1,12.2,0.0
2018-04-13,Friday,4,24.08,63510,65.4,82.0,46.0,11.1,0.0
2018-01-25,Thursday,1,11.39,31147,29.5,45.0,24.1,14.6,0.0
2018-01-28,Sunday,1,21.78,20101,50.3,57.0,35.1,6.4,0.19
2018-03-23,Friday,3,13.43,38528,42.7,51.1,33.1,11.0,0.01
2015-01-17,Saturday,1,10.95,7491,22.3,42.1,17.1,11.8,0.0
2015-07-20,Monday,7,15.0,34889,89.1,95.0,78.1,7.1,0.0
2015-04-23,Thursday,4,14.4,22074,47.4,66.9,42.1,13.5,0.1
2015-03-12,Thursday,3,12.15,17530,45.3,60.1,37.0,16.4,0.02
2015-07-16,Thursday,7,16.97,42356,72.1,81.0,64.0,8.7,0.01
2015-11-13,Friday,11,14.54,38970,56.8,60.1,51.1,16.1,0.01
2015-12-13,Sunday,12,19.66,32001,57.1,66.0,53.1,3.3,0.0
2015-10-30,Friday,10,15.94,44518,56.8,73.9,51.1,13.4,0.01
2015-09-21,Monday,9,16.6,47180,65.4,75.9,59.0,11.0,0.0
2015-10-18,Sunday,10,16.76,23978,44.4,55.0,39.0,11.4,0.0
2015-12-05,Saturday,12,21.23,26358,47.1,52.0,43.0,4.1,0.0
2015-06-12,Friday,6,14.6,35136,80.7,91.9,71.1,7.7,0.0
2015-07-03,Friday,7,18.45,26928,73.5,81.0,66.9,4.8,0.0
2015-03-29,Sunday,3,14.18,9826,33.5,46.0,27.0,10.3,0.0
2015-05-26,Tuesday,5,15.2,35786,75.2,86.0,64.9,10.3,0.0
2015-01-25,Sunday,1,12.02,9379,37.6,42.1,32.0,12.8,0.07
2015-09-04,Friday,9,15.87,39956,80.3,93.0,75.0,8.6,0.0
2015-03-03,Tuesday,3,12.7,6533,28.4,37.9,24.1,9.8,0.0
2015-02-20,Friday,2,10.05,6159,10.9,27.0,3.0,18.2,0.0
2015-01-11,Sunday,1,10.38,7467,24.8,37.0,17.1,8.5,0.0
2015-09-17,Thursday,9,17.22,50705,78.0,87.1,68.0,4.1,0.0
2015-01-29,Thursday,1,12.53,8870,26.3,34.0,17.1,6.1,0.0
2015-05-20,Wednesday,5,13.87,33823,62.0,82.0,55.0,13.2,0.0
2015-12-21,Monday,12,12.92,29800,45.6,55.0,36.0,8.0,0.0
2015-02-04,Wednesday,2,11.63,8973,30.0,39.9,14.0,5.6,0.0
2015-10-06,Tuesday,10,17.55,49719,62.4,73.0,52.0,5.0,0.0
2015-08-05,Wednesday,8,14.35,41075,80.5,91.0,70.0,6.3,0.0
2015-03-19,Thursday,3,12.82,15446,33.5,42.1,28.0,10.7,0.0
2015-04-12,Sunday,4,19.1,19954,51.3,64.9,44.1,7.6,0.0
2015-10-24,Saturday,10,19.28,31713,48.3,64.9,41.0,7.7,0.0
2015-07-06,Monday,7,15.05,35251,77.1,84.9,70.0,6.2,0.0
2015-07-05,Sunday,7,19.97,25920,75.1,84.9,69.1,4.6,0.0
2015-10-19,Monday,10,16.25,36570,43.5,53.1,37.0,8.1,0.0
2015-05-11,Monday,5,16.48,32382,74.4,82.9,57.0,9.4,0.0
2015-03-16,Monday,3,11.89,16787,40.2,51.1,36.0,9.3,0.0
2015-11-09,Monday,11,15.84,42262,53.0,60.1,46.0,2.9,0.0
2015-04-29,Wednesday,4,14.74,31532,64.2,75.9,51.1,8.8,0.0
2015-09-05,Saturday,9,20.37,34005,72.9,84.0,66.9,8.7,0.0
2015-07-12,Sunday,7,20.15,31037,81.1,89.1,72.0,4.9,0.0
2015-01-02,Friday,1,12.19,11304,38.6,42.1,27.0,12.6,0.0
2015-07-02,Thursday,7,17.68,35559,75.7,84.9,70.0,6.4,0.0
2015-11-17,Tuesday,11,14.37,38939,49.1,68.0,41.0,10.7,0.0
2015-11-27,Friday,11,18.53,22824,55.6,64.9,41.0,5.0,0.0
2015-01-21,Wednesday,1,10.45,15234,30.5,39.9,25.0,7.0,0.0
2015-11-26,Thursday,11,23.75,13291,48.1,60.1,39.9,3.9,0.0
2015-07-17,Friday,7,16.06,39595,73.5,80.1,64.0,9.0,0.0
2015-08-17,Monday,8,14.14,37449,84.7,93.0,77.0,4.8,0.0
2015-08-24,Monday,8,14.51,38943,78.5,86.0,71.1,5.5,0.0
2015-11-30,Monday,11,12.73,30213,39.8,46.0,33.8,10.5,0.0
2015-01-07,Wednesday,1,9.82,9646,21.7,25.0,15.1,14.8,0.05
2015-04-20,Monday,4,11.98,11202,50.6,61.0,45.0,13.2,0.0
2015-01-12,Monday,1,10.39,8645,36.0,37.9,19.0,5.6,0.0
2015-12-24,Thursday,12,18.84,18447,64.0,72.0,50.0,9.2,1.46
2015-12-25,Friday,12,34.91,12333,60.3,72.0,54.0,2.3,0.01
2015-01-04,Sunday,1,11.33,7849,45.1,57.0,30.9,8.4,0.85
2015-06-05,Friday,6,13.49,31294,59.5,68.0,54.0,6.5,0.0
2015-06-03,Wednesday,6,13.8,34590,58.2,69.1,50.0,7.3,0.24
2015-07-10,Friday,7,15.95,38559,75.8,84.0,68.0,9.4,0.29
2015-05-27,Wednesday,5,13.71,33710,73.5,86.0,66.9,9.9,0.0
2015-04-17,Friday,4,15.09,24175,59.7,71.1,46.9,9.0,0.08
2015-01-18,Sunday,1,12.06,1795,32.7,41.0,17.1,4.6,0.0
2015-06-23,Tuesday,6,13.69,32294,84.4,91.9,72.0,10.3,0.0
2015-11-01,Sunday,11,20.2,30622,57.3,64.9,43.0,7.1,0.0
2015-10-25,Sunday,10,19.48,29289,59.3,68.0,41.0,9.1,0.01
2015-07-08,Wednesday,7,14.53,35047,82.0,89.1,75.0,7.7,0.0
2015-07-26,Sunday,7,18.38,30543,79.8,89.1,71.1,9.6,0.0
2015-07-04,Saturday,7,22.56,21706,71.8,81.0,66.9,6.9,0.0
2015-07-22,Wednesday,7,15.67,42557,77.1,91.9,71.1,11.8,0.0
2015-08-11,Tuesday,8,21.17,25066,75.1,82.4,71.1,10.9,0.67
2015-12-29,Tuesday,12,12.11,13347,40.2,46.9,33.8,12.7,0.37
2017-12-31,Sunday,12,13.17,6569,22.0,23.0,19.9,13.6,0.48
2017-12-30,Saturday,12,12.39,5956,20.0,23.0,18.0,7.8,0.0
2017-04-06,Thursday,4,16.07,18020,46.0,53.1,42.8,12.1,0.02
2017-09-17,Sunday,9,18.68,59967,72.8,81.0,69.1,5.1,0.0
2017-09-14,Thursday,9,14.62,72071,75.1,84.0,66.9,7.0,0.02
2017-07-14,Friday,7,16.52,31851,69.8,93.9,64.9,8.4,0.01
2017-04-25,Tuesday,4,11.59,20332,52.8,59.0,48.0,16.3,0.07
2017-04-01,Saturday,4,18.6,23849,42.2,48.0,39.0,17.2,1.78
2017-06-07,Wednesday,6,15.88,64453,58.6,70.0,52.0,8.0,0.03
2017-12-25,Monday,12,16.75,6479,36.3,41.0,32.0,15.8,0.23
2017-07-11,Tuesday,7,15.85,61671,80.5,89.1,72.0,8.5,0.0
2017-11-13,Monday,11,12.49,38753,45.4,50.0,34.0,6.2,0.0
2017-05-20,Saturday,5,18.15,47859,67.3,96.1,61.0,10.9,0.01
2017-12-22,Friday,12,14.51,34341,40.1,51.1,34.0,6.3,0.0
2017-08-01,Tuesday,8,17.67,66677,81.3,91.0,70.0,5.1,0.0
2017-05-31,Wednesday,5,15.22,59495,63.1,78.1,55.0,6.6,0.08
2017-12-14,Thursday,12,13.3,27495,28.3,33.1,21.9,11.2,0.05
2017-04-19,Wednesday,4,12.66,45787,50.0,64.9,46.0,11.0,0.0
2017-12-12,Tuesday,12,12.23,42620,44.5,51.8,39.0,9.6,0.0
2017-11-10,Friday,11,13.71,38432,44.4,55.9,30.9,15.2,0.0
2017-11-07,Tuesday,11,14.38,36362,48.0,66.0,42.1,10.3,0.0
2017-07-20,Thursday,7,15.19,59663,87.2,98.1,77.0,5.0,0.0
2017-08-29,Tuesday,8,14.88,35152,66.5,75.0,64.0,11.6,0.0
2017-10-14,Saturday,10,22.4,58777,65.7,73.0,53.1,6.6,0.03
2017-11-14,Tuesday,11,13.64,52279,43.0,50.0,39.0,8.3,0.05
2017-04-20,Thursday,4,19.71,44264,54.4,66.0,46.0,6.7,0.19
2017-07-01,Saturday,7,23.08,36737,79.0,89.1,73.9,9.4,0.0
2017-09-19,Tuesday,9,13.97,57910,72.3,78.1,68.0,13.7,0.0
2017-12-08,Friday,12,11.66,41330,39.1,46.0,36.0,8.7,0.0
2017-06-02,Friday,6,16.27,66907,70.6,82.0,60.1,8.8,0.0
2017-08-04,Friday,8,18.54,56394,78.1,87.1,70.0,10.0,0.1
2017-11-23,Thursday,11,17.55,13705,38.7,55.0,34.0,10.9,0.16
2017-07-22,Saturday,7,18.97,48011,85.3,93.9,77.0,7.5,0.0
2017-05-17,Wednesday,5,17.14,65794,79.2,93.9,59.0,6.8,0.0
2017-11-29,Wednesday,11,13.36,55295,54.4,64.0,37.0,10.4,0.0
2017-12-17,Sunday,12,11.64,22403,35.7,39.9,25.0,5.9,0.0
2017-06-26,Monday,6,20.13,62669,74.0,84.0,66.9,9.0,0.0
2017-06-03,Saturday,6,19.4,56264,66.1,79.0,59.0,9.2,0.0
2017-07-08,Saturday,7,20.28,55015,78.5,87.1,68.0,7.5,2.13
2017-10-03,Tuesday,10,15.44,69105,64.0,73.9,55.9,5.2,0.0
2017-09-24,Sunday,9,18.54,57458,79.5,91.0,70.0,3.5,0.0
2017-11-12,Sunday,11,14.87,32471,39.5,46.9,26.1,4.3,0.0
2017-04-14,Friday,4,19.18,52232,57.2,66.0,50.0,7.1,0.0
2017-09-30,Saturday,9,15.51,50153,62.1,70.0,55.9,9.4,0.0
2017-05-21,Sunday,5,21.25,54874,62.4,71.1,57.0,7.9,0.0
2017-11-19,Sunday,11,15.5,31598,53.5,60.1,36.0,15.7,0.33
2017-04-09,Sunday,4,23.3,43896,54.4,68.0,42.1,8.8,0.0
2017-11-09,Thursday,11,15.01,58417,47.6,55.9,39.9,6.5,0.0
2017-06-11,Sunday,6,20.41,51427,83.7,93.9,66.9,9.0,0.0
2013-11-25,Monday,11,11.02,19116,27.9,35.1,24.1,11.9,0.0
2013-12-20,Friday,12,14.08,22066,45.2,52.0,30.9,5.4,0.0
2013-07-31,Wednesday,7,15.39,37261,76.1,82.0,70.0,6.2,0.0
2013-11-20,Wednesday,11,11.41,26229,38.0,51.1,32.0,9.0,0.0
2013-09-12,Thursday,9,13.68,31252,80.6,88.0,71.1,8.4,0.0
2013-11-10,Sunday,11,13.91,19712,50.1,60.1,39.9,11.0,0.0
2013-12-21,Saturday,12,14.48,17940,53.6,60.1,37.9,6.6,0.0
2013-08-12,Monday,8,15.31,31457,74.8,82.0,66.9,5.5,0.09
2013-08-22,Thursday,8,14.41,26629,77.5,90.0,73.0,5.8,0.0
2013-12-29,Sunday,12,12.16,3775,45.2,55.0,36.0,7.1,0.0
2013-10-27,Sunday,10,14.66,23965,53.0,59.0,43.0,10.3,0.0
2013-11-30,Saturday,11,13.68,9863,31.3,39.0,25.0,7.2,0.0
2013-12-26,Thursday,12,11.94,9763,31.7,36.0,19.0,6.2,0.0
2013-10-25,Friday,10,12.51,30979,47.4,55.0,42.1,13.0,0.0
2013-07-02,Tuesday,7,15.97,22745,76.1,82.9,73.0,8.0,0.73
2013-09-22,Sunday,9,16.5,29758,66.3,75.9,61.0,12.9,0.98
2013-09-01,Sunday,9,18.37,25235,79.6,86.0,73.0,8.0,0.0
2013-08-21,Wednesday,8,15.09,36315,81.1,90.0,70.0,4.5,0.0
2013-11-08,Friday,11,12.61,28686,46.0,63.0,41.0,14.2,0.08
2013-07-06,Saturday,7,19.33,20467,87.0,95.0,77.0,9.3,0.0
2013-10-24,Thursday,10,12.12,32251,48.4,55.0,43.0,11.8,0.0
2013-08-03,Saturday,8,18.49,29540,76.4,86.0,70.0,8.1,0.0
2013-09-26,Thursday,9,13.79,38189,63.9,72.0,55.0,6.2,0.0
2013-10-11,Friday,10,13.34,33357,63.7,69.1,54.0,16.4,0.0
2013-10-12,Saturday,10,16.88,32457,65.7,72.0,60.1,15.5,0.0
2013-09-05,Thursday,9,14.6,35825,74.3,82.0,66.0,9.3,0.0
2013-07-30,Tuesday,7,15.83,37334,75.9,89.1,70.0,8.7,0.0
2013-11-04,Monday,11,12.37,27142,39.5,55.9,34.0,10.3,0.0
2013-12-03,Tuesday,12,12.17,27431,44.0,53.1,37.9,4.0,0.0
2014-01-11,Saturday,1,12.37,7695,43.7,55.0,27.0,9.2,0.22
2014-01-21,Tuesday,1,14.3,3804,25.7,46.0,14.0,12.5,0.0
2014-02-21,Friday,2,11.75,8680,37.1,46.9,33.8,8.2,0.02
2014-01-10,Friday,1,11.19,9847,30.2,34.0,23.0,4.8,0.0
2014-12-07,Sunday,12,11.94,10510,39.4,48.9,34.0,15.3,1.14
2014-02-05,Wednesday,2,15.42,2746,31.5,36.0,25.0,9.0,0.74
2014-05-09,Friday,5,12.29,22641,54.9,63.0,52.0,5.5,0.09
2014-11-12,Wednesday,11,12.88,27807,58.7,66.0,46.9,5.6,0.0
2014-11-26,Wednesday,11,12.76,3675,44.0,53.1,33.8,9.8,0.0
2014-02-14,Friday,2,28.91,3609,35.4,39.9,24.1,16.4,1.75
2014-10-22,Wednesday,10,11.84,9169,57.0,68.0,52.0,11.5,0.35
2014-09-25,Thursday,9,12.31,16650,62.6,70.0,57.9,13.0,0.02
2014-03-19,Wednesday,3,10.86,13341,35.8,45.0,27.0,9.4,0.0
2014-09-10,Wednesday,9,14.18,37653,68.5,75.0,62.6,9.3,0.0
2014-12-25,Thursday,12,18.96,4890,52.6,63.0,43.0,12.0,0.71
2014-07-24,Thursday,7,13.74,36693,76.8,89.1,73.0,7.9,0.12
2014-04-04,Friday,4,10.68,12566,44.7,51.1,39.2,9.8,0.09
2014-10-14,Tuesday,10,18.75,32614,67.6,75.9,53.1,8.5,0.03
2014-10-13,Monday,10,13.44,22752,58.8,66.0,48.9,4.4,0.0
2014-02-09,Sunday,2,17.12,4996,26.1,28.9,21.0,6.5,0.0
2014-01-04,Saturday,1,20.4,2292,15.8,27.0,9.0,6.8,0.25
2014-10-05,Sunday,10,15.74,23456,54.2,71.1,46.9,12.2,0.98
2014-10-27,Monday,10,14.05,28806,57.0,64.0,51.1,11.0,0.0
2014-04-17,Thursday,4,12.43,22282,41.1,46.9,32.0,11.4,0.05
2014-12-12,Friday,12,11.39,17892,34.5,37.9,30.9,12.7,0.03
2014-11-15,Saturday,11,12.99,14057,37.8,43.0,34.0,9.7,0.03
2014-07-31,Thursday,7,13.66,35458,75.1,82.9,64.9,8.6,0.0
2014-03-09,Sunday,3,12.71,12262,41.4,55.9,35.1,11.3,0.0
2014-11-08,Saturday,11,14.52,17443,42.4,52.0,37.9,11.0,0.0
2014-01-02,Thursday,1,12.98,8600,28.9,33.1,25.0,14.2,0.01
2014-06-19,Thursday,6,13.66,31724,74.8,88.0,68.0,5.4,0.0
2014-08-24,Sunday,8,17.63,27493,72.0,80.1,64.9,6.2,0.0
2014-10-16,Thursday,10,13.59,26754,69.8,78.1,64.9,11.0,0.72
2014-12-09,Tuesday,12,11.4,6713,38.7,45.0,25.0,18.1,0.45
2014-08-22,Friday,8,13.58,30406,71.2,81.0,64.0,7.6,1.2
2014-08-04,Monday,8,13.99,33822,75.4,84.0,66.0,5.4,0.01
2014-04-09,Wednesday,4,12.85,26931,51.4,64.9,43.0,13.2,0.01
2014-10-17,Friday,10,15.25,34132,65.8,72.0,61.0,8.7,0.08
2014-12-15,Monday,12,11.99,19382,41.6,48.9,37.0,5.9,0.0
2014-04-11,Friday,4,13.81,26798,59.2,73.9,42.1,8.8,0.0
2014-01-08,Wednesday,1,10.23,9246,12.9,21.9,3.9,11.4,0.0
2014-06-18,Wednesday,6,13.56,35531,83.2,88.0,70.0,11.2,0.0
2014-04-06,Sunday,4,16.59,20750,44.9,59.0,37.0,9.7,0.0
2014-02-16,Sunday,2,21.35,3003,27.2,37.0,21.9,14.0,0.05
2014-04-24,Thursday,4,13.02,28107,49.4,62.1,43.0,17.9,0.0
2014-11-29,Saturday,11,11.97,8183,31.4,37.0,28.9,5.9,0.0
2014-04-10,Thursday,4,12.73,27463,49.8,59.0,42.1,10.4,0.0
2014-06-07,Saturday,6,17.87,31204,71.5,82.0,61.0,6.4,0.0
2014-05-20,Tuesday,5,14.05,35567,65.5,77.0,53.1,8.9,0.0
2014-12-24,Wednesday,12,11.68,4285,44.5,54.0,42.8,7.8,0.08
2014-01-14,Tuesday,1,11.12,9999,45.8,50.0,35.1,6.6,0.02
2014-02-10,Monday,2,14.4,6846,25.9,28.9,21.0,12.4,0.1
2014-03-07,Friday,3,11.05,13304,29.2,36.0,16.0,10.2,0.0
2014-03-13,Thursday,3,10.65,10979,28.8,54.0,19.0,20.9,0.35
2014-09-06,Saturday,9,15.77,25833,80.8,91.0,73.0,8.0,0.0
2014-11-13,Thursday,11,14.0,20652,45.7,66.0,39.9,5.3,0.0
2014-02-24,Monday,2,12.59,12922,40.0,54.0,33.1,13.2,0.0
2014-07-12,Saturday,7,16.7,28718,77.0,86.0,70.0,7.0,0.0
2014-09-29,Monday,9,15.07,33161,72.7,84.0,64.9,4.1,0.0
2014-03-06,Thursday,3,10.19,12773,24.2,37.0,16.0,10.2,0.0
2014-01-31,Friday,1,11.71,14653,30.5,39.0,18.0,7.3,0.0
2014-11-11,Tuesday,11,12.82,29358,54.9,64.0,42.1,5.0,0.0
2014-09-15,Monday,9,14.66,35045,63.6,73.0,55.0,6.5,0.0
2014-03-21,Friday,3,12.22,20718,43.7,53.1,39.0,14.1,0.0
2014-05-30,Friday,5,14.14,34343,63.2,75.9,51.1,4.1,0.0
2014-03-05,Wednesday,3,10.52,13801,30.6,37.0,12.9,5.1,0.0
2014-09-03,Wednesday,9,13.65,35535,80.2,93.0,73.0,9.6,0.0
2014-07-05,Saturday,7,18.27,22913,71.8,82.9,64.9,13.7,0.16
2014-09-12,Friday,9,15.75,37204,70.6,84.0,63.0,9.6,0.0
2014-05-04,Sunday,5,15.44,21277,58.7,69.1,54.0,12.2,0.03
2014-05-07,Wednesday,5,13.29,32882,59.0,68.0,51.1,7.0,0.0
2014-04-21,Monday,4,13.9,27124,49.9,63.0,41.0,5.4,0.0
2014-09-17,Wednesday,9,13.74,37453,65.9,73.0,57.9,4.3,0.41
2014-01-27,Monday,1,10.54,13119,33.7,44.1,18.0,9.4,0.0
2014-07-27,Sunday,7,16.2,27004,77.5,88.0,71.1,8.5,0.0
2014-03-27,Thursday,3,11.41,16666,30.1,42.1,23.0,12.7,0.0
2014-11-10,Monday,11,12.95,27655,51.8,61.0,42.1,3.4,0.0
2014-09-19,Friday,9,13.76,34713,62.1,75.0,55.0,10.3,0.0
2014-05-25,Sunday,5,20.05,25637,65.5,81.0,55.9,5.4,0.02
2014-08-12,Tuesday,8,12.03,26261,75.5,87.1,72.0,11.1,0.0
2014-02-15,Saturday,2,18.35,2261,34.5,39.0,30.2,9.7,0.25
2014-08-03,Sunday,8,16.51,25276,69.6,75.9,64.9,4.8,0.12
2014-12-05,Friday,12,12.19,15818,38.4,46.0,34.0,9.3,0.0
2014-03-01,Saturday,3,11.87,9202,26.6,37.9,10.0,5.6,0.0
2014-11-21,Friday,11,10.81,17806,33.1,46.0,28.0,15.8,0.0
2014-07-21,Monday,7,13.68,35670,74.0,84.0,66.9,4.4,0.0
2014-02-11,Tuesday,2,16.45,8343,22.6,28.9,18.0,11.3,0.0
2014-05-02,Friday,5,14.01,32377,62.8,77.0,48.9,7.6,0.01
2014-08-21,Thursday,8,13.84,33804,75.0,84.0,69.1,6.3,0.07
2014-09-22,Monday,9,13.49,33239,68.8,77.0,61.0,11.1,0.0
2014-03-04,Tuesday,3,10.33,10398,20.3,32.0,12.9,6.4,0.0
2014-01-30,Thursday,1,11.19,12158,21.6,28.9,14.0,7.5,0.0
2014-11-25,Tuesday,11,14.14,25580,60.1,66.9,48.9,9.7,0.0
2017-04-04,Tuesday,4,16.88,29991,50.1,63.0,45.0,11.3,1.6
2017-05-01,Monday,5,15.69,56218,55.9,73.0,50.0,9.3,0.0
2017-11-06,Monday,11,14.3,57606,62.6,66.0,52.0,7.8,0.08
2017-12-10,Sunday,12,13.85,19815,35.0,39.9,30.9,10.9,0.34
2017-11-05,Sunday,11,14.42,34943,54.8,61.0,48.0,7.8,0.02
2017-09-27,Wednesday,9,14.35,69897,75.0,84.0,68.0,7.2,0.0
2017-12-16,Saturday,12,12.26,19060,30.9,39.9,23.0,12.9,0.13
2017-11-24,Friday,11,18.91,23724,43.0,51.1,34.0,5.7,0.0
2017-09-21,Thursday,9,15.09,67742,75.8,79.0,71.1,10.2,0.0
2017-10-19,Thursday,10,15.96,72311,64.7,73.9,52.0,7.9,0.0
2017-10-22,Sunday,10,20.69,62150,66.7,75.9,57.9,4.5,0.0
2017-07-02,Sunday,7,26.9,43036,79.8,91.0,73.0,7.4,0.07
2017-06-17,Saturday,6,18.48,34900,67.0,73.9,63.0,7.0,0.0
2017-12-27,Wednesday,12,13.72,16365,22.8,28.9,19.0,10.5,0.0
2017-11-30,Thursday,11,11.95,51700,44.2,64.0,39.9,7.3,0.0
2017-10-17,Tuesday,10,14.58,64480,51.8,71.1,45.0,8.7,0.0
2017-05-11,Thursday,5,13.89,57208,57.1,64.9,52.0,6.4,0.0
2017-12-19,Tuesday,12,11.83,49503,50.2,55.9,34.0,10.9,0.0
2017-05-30,Tuesday,5,14.6,50194,58.3,64.0,55.0,7.6,0.03
2017-12-06,Wednesday,12,12.2,46335,50.1,60.1,41.0,11.9,0.69
2017-10-24,Tuesday,10,13.25,48077,70.8,75.9,61.0,17.4,0.04
2017-09-20,Wednesday,9,15.33,71150,73.9,78.1,69.1,13.3,0.19
2017-07-26,Wednesday,7,16.08,70323,70.5,78.1,62.1,7.5,0.0
2017-08-21,Monday,8,18.41,61059,80.8,88.0,71.1,6.7,0.0
2017-05-26,Friday,5,17.63,53768,63.5,75.9,55.9,11.1,0.89
2017-07-25,Tuesday,7,14.88,65336,65.8,73.0,62.1,9.1,0.45
2017-05-13,Saturday,5,19.47,5704,53.2,55.9,48.0,11.1,0.13
2017-05-14,Sunday,5,17.57,38729,55.4,70.0,46.9,13.4,1.61
2017-08-07,Monday,8,12.29,23395,70.2,78.1,66.0,5.8,0.0
2017-11-22,Wednesday,11,15.14,32298,51.7,59.0,43.0,8.7,0.0
2017-10-11,Wednesday,10,15.35,63589,70.8,81.0,68.0,7.0,0.0
2017-06-27,Tuesday,6,16.47,64767,71.2,81.0,62.1,7.7,0.16
2017-04-30,Sunday,4,17.93,42928,64.7,88.0,55.9,10.1,0.0
2017-05-18,Thursday,5,15.25,63753,88.1,97.0,66.0,10.1,0.0
2017-04-29,Saturday,4,22.42,57701,76.9,88.0,55.0,8.8,0.06
2017-11-03,Friday,11,17.54,71818,66.1,75.0,57.9,7.6,0.0
2017-08-14,Monday,8,23.3,61482,76.6,84.9,71.1,5.8,0.0
2017-07-13,Thursday,7,17.33,56475,86.0,93.9,78.1,9.1,0.0
2017-11-26,Sunday,11,13.7,27181,49.3,57.9,42.1,13.0,0.0
2017-06-12,Monday,6,15.69,57871,86.7,96.1,75.0,8.5,0.0
2017-04-16,Sunday,4,30.83,48140,70.8,88.0,52.0,9.5,0.0
2017-09-10,Sunday,9,18.79,60711,65.0,73.0,59.0,9.7,0.0
2017-11-17,Friday,11,14.67,48991,45.5,59.0,41.0,16.8,0.08
2017-11-04,Saturday,11,21.42,53435,53.1,75.0,48.0,10.3,0.0
2017-05-15,Monday,5,14.22,54715,61.7,70.0,46.9,17.8,0.01
2017-08-20,Sunday,8,20.31,55442,78.7,89.1,71.1,10.4,0.0
2017-08-17,Thursday,8,17.59,66656,76.4,86.0,70.0,7.0,0.0
2017-05-16,Tuesday,5,15.44,64504,68.8,82.9,54.0,10.3,0.0
2017-12-13,Wednesday,12,11.8,32623,29.2,51.1,21.9,21.0,0.0
2017-07-12,Wednesday,7,15.49,61786,84.2,91.0,75.0,9.1,0.0
2017-07-05,Wednesday,7,18.01,60321,76.7,87.1,70.0,7.6,0.0
2017-04-08,Saturday,4,19.26,35936,47.4,57.9,42.1,16.0,0.0
2017-11-20,Monday,11,12.48,45121,43.1,60.1,37.0,13.1,0.02
2017-06-08,Thursday,6,15.59,62653,63.9,71.1,52.0,5.4,0.0
2017-08-25,Friday,8,16.99,64217,72.3,81.0,66.0,6.0,0.0
2017-10-28,Saturday,10,21.18,61348,60.9,68.0,51.1,9.0,0.0
2013-11-15,Friday,11,12.72,29051,49.1,57.0,34.0,6.2,0.0
2013-12-19,Thursday,12,11.24,18766,36.6,45.0,24.1,9.6,0.0
2013-10-15,Tuesday,10,13.48,37534,60.4,70.0,53.1,4.7,0.0
2013-09-25,Wednesday,9,13.99,38223,64.1,73.0,50.0,5.4,0.0
2013-09-17,Tuesday,9,13.88,38283,58.2,72.0,48.9,10.1,0.02
2013-12-12,Thursday,12,11.46,17214,27.6,34.0,23.0,12.5,0.0
2013-09-30,Monday,9,13.73,37148,63.9,73.0,57.9,4.1,0.0
2013-07-25,Thursday,7,14.94,31084,68.0,82.9,64.0,11.7,0.0
2013-10-29,Tuesday,10,12.58,33414,50.5,61.0,44.1,8.0,0.0
2013-07-20,Saturday,7,17.95,25278,89.2,100.0,82.9,11.3,0.0
2013-11-24,Sunday,11,11.1,9392,29.4,55.0,24.1,22.2,0.02
2013-07-03,Wednesday,7,16.24,21864,78.5,84.9,73.9,8.8,0.06
2013-09-29,Sunday,9,16.52,32592,64.6,73.0,57.9,4.9,0.0
2013-11-02,Saturday,11,16.59,31013,61.5,70.0,55.0,5.7,0.05
2013-11-23,Saturday,11,14.31,18996,47.4,57.0,39.9,12.8,0.07
2013-12-23,Monday,12,11.89,6956,58.5,69.1,50.0,6.2,0.09
2013-07-08,Monday,7,21.49,21615,83.7,98.1,75.0,8.9,0.0
2013-08-24,Saturday,8,18.08,32941,71.5,81.0,64.0,8.9,0.0
2013-09-14,Saturday,9,16.69,31607,61.6,77.0,55.9,10.8,0.03
2013-11-03,Sunday,11,13.26,20798,50.9,68.0,42.1,11.2,0.01
2013-12-24,Tuesday,12,12.74,11025,39.2,62.1,34.0,10.7,0.44
2013-07-29,Monday,7,15.69,34915,77.3,89.1,71.1,5.7,0.13
2013-07-11,Thursday,7,16.83,24417,82.3,91.0,75.0,7.6,0.02
2013-09-09,Monday,9,15.26,35394,65.9,80.1,57.9,7.7,0.0
2013-12-05,Thursday,12,12.38,26988,48.6,57.9,39.0,5.3,0.01
2013-12-07,Saturday,12,12.23,15545,38.2,43.0,35.6,10.7,0.81
2013-07-10,Wednesday,7,15.53,25732,82.0,91.0,75.0,8.7,0.08
2013-10-20,Sunday,10,15.91,29256,58.4,64.0,51.1,10.4,0.0
2013-08-09,Friday,8,15.14,29017,78.2,89.1,71.1,9.2,0.08
2013-08-01,Thursday,8,13.38,20138,73.5,82.0,69.1,7.6,0.0
2013-12-30,Monday,12,12.35,13241,40.5,48.0,28.9,11.3,1.2
2013-10-03,Thursday,10,13.72,40456,72.6,84.0,64.9,4.3,0.0
2013-10-22,Tuesday,10,12.58,36338,59.6,68.0,52.0,7.6,0.0
2013-08-14,Wednesday,8,15.56,38150,69.5,78.1,62.1,12.4,0.73
2016-09-19,Monday,9,13.57,34217,75.2,84.9,72.0,5.9,0.31
2016-02-15,Monday,2,11.87,5884,19.1,30.9,1.0,6.2,0.0
2016-09-20,Tuesday,9,14.96,64891,75.4,84.0,71.1,5.1,0.47
2016-03-25,Friday,3,19.25,34097,55.9,73.0,44.1,7.9,0.0
2016-06-02,Thursday,6,16.11,54401,68.9,82.9,62.1,9.2,0.0
2016-08-31,Wednesday,8,14.51,57214,80.5,90.0,72.0,7.5,0.0
2016-03-24,Thursday,3,15.04,36495,50.1,71.1,44.1,11.2,0.0
2016-09-10,Saturday,9,17.36,48455,82.2,93.0,75.9,7.1,0.05
2016-07-04,Monday,7,20.67,34860,76.7,86.0,69.1,7.8,0.0
2016-08-05,Friday,8,16.14,53297,77.4,86.0,70.0,8.1,0.0
2016-05-28,Saturday,5,21.96,34222,79.9,91.9,66.9,8.4,0.0
2016-09-25,Sunday,9,18.01,53568,64.2,72.0,57.9,6.8,0.2
2016-07-12,Tuesday,7,16.04,56537,76.6,84.0,69.1,8.1,0.0
2016-03-05,Saturday,3,16.75,18023,34.8,42.1,30.0,9.4,0.04
2016-03-11,Friday,3,18.28,38195,61.2,78.1,54.0,9.7,0.04
2016-02-07,Sunday,2,15.89,17605,39.6,46.0,32.0,5.0,0.0
2016-01-12,Tuesday,1,12.2,25211,32.9,45.0,26.1,9.0,0.0
2016-03-07,Monday,3,16.2,31492,45.1,61.0,33.1,9.3,0.0
2016-05-14,Saturday,5,23.05,42063,66.2,73.0,57.9,6.8,0.25
2016-05-25,Wednesday,5,16.46,53439,74.4,90.0,60.1,3.9,0.02
2016-06-09,Thursday,6,15.76,52905,63.6,73.9,55.0,17.1,0.44
2016-08-18,Thursday,8,15.55,53218,80.3,88.0,75.0,5.4,0.02
2016-08-09,Tuesday,8,14.84,56112,80.8,89.1,75.0,6.5,0.0
2016-05-22,Sunday,5,19.76,37802,60.7,71.1,54.0,6.5,0.18
2016-06-28,Tuesday,6,14.71,49593,72.6,84.0,69.1,9.3,0.54
2016-04-23,Saturday,4,23.98,33647,66.5,78.1,61.0,8.7,0.14
2016-09-27,Tuesday,9,14.14,61346,70.5,75.9,57.0,8.4,0.15
2016-04-27,Wednesday,4,17.22,41931,51.1,57.9,46.4,7.9,0.11
2016-08-26,Friday,8,16.26,52037,83.6,91.0,73.0,8.7,0.01
2016-07-17,Sunday,7,20.47,41347,83.1,93.0,77.0,5.1,0.0
2016-05-29,Sunday,5,24.45,36877,80.0,91.9,73.0,9.1,0.0
2016-06-01,Wednesday,6,18.27,54665,76.0,84.0,68.0,6.7,0.0
2016-04-28,Thursday,4,15.52,37428,53.3,60.1,46.9,8.3,0.0
2016-03-08,Tuesday,3,15.03,36521,53.9,64.0,37.0,5.8,0.0
2016-03-26,Saturday,3,25.45,27478,47.0,73.0,39.0,10.5,0.07
2016-02-05,Friday,2,13.92,13670,39.4,57.9,32.0,13.7,0.31
2016-02-20,Saturday,2,20.46,24484,47.4,62.1,25.0,10.1,0.0
2016-04-15,Friday,4,15.27,39676,50.8,63.0,43.0,5.2,0.0
2016-01-13,Wednesday,1,13.28,21133,29.3,45.0,24.1,16.9,0.0
2016-07-08,Friday,7,16.5,44419,78.8,93.0,73.9,6.5,0.02
2016-01-27,Wednesday,1,17.99,6761,44.4,48.9,35.1,10.3,0.01
2016-08-13,Saturday,8,18.49,38912,89.2,98.1,75.9,7.0,0.07
2016-03-03,Thursday,3,13.29,24061,31.5,36.0,27.0,11.9,0.0
2016-04-07,Thursday,4,13.86,30402,52.0,60.1,32.0,12.8,0.0
2016-05-05,Thursday,5,15.95,39903,51.8,57.9,46.9,11.6,0.02
2016-06-23,Thursday,6,14.6,53206,74.3,86.0,66.9,6.8,0.0
2016-09-06,Tuesday,9,14.6,52447,77.8,84.0,66.9,15.2,0.0
2016-01-01,Friday,1,20.22,11009,41.9,50.0,39.0,11.8,0.03
2016-02-06,Saturday,2,16.37,16933,36.0,44.1,32.0,9.3,0.05
2016-08-08,Monday,8,15.65,52262,80.8,89.1,73.9,7.1,0.0
2016-01-29,Friday,1,14.06,16028,39.8,44.1,28.9,8.0,0.0
2016-05-26,Thursday,5,15.95,52133,82.2,91.9,60.1,7.2,0.0
2016-05-31,Tuesday,5,15.29,49756,76.7,86.0,69.1,7.5,0.0
2016-01-28,Thursday,1,16.82,11946,37.9,48.0,28.9,5.4,0.0
2016-02-11,Thursday,2,13.52,18748,28.1,39.9,23.0,17.3,99.99
2016-05-02,Monday,5,17.38,38537,50.6,61.0,44.6,6.1,0.15
2016-03-21,Monday,3,13.61,26414,39.6,50.0,33.1,10.4,0.14
2016-06-05,Sunday,6,17.38,22397,69.3,82.9,66.0,7.5,0.27
2016-02-09,Tuesday,2,13.11,22741,30.2,41.0,27.0,8.3,0.06
2016-06-29,Wednesday,6,14.84,54882,75.7,87.1,70.0,5.5,0.07
2016-02-04,Thursday,2,15.73,27766,54.0,57.9,42.1,8.2,0.69
2016-07-02,Saturday,7,20.69,35837,72.9,81.0,68.0,11.5,0.28
2016-07-09,Saturday,7,17.58,38142,70.3,86.0,66.0,9.0,0.01
2016-08-01,Monday,8,15.41,49401,74.2,82.9,71.1,10.4,0.57
2016-03-06,Sunday,3,16.35,18832,37.8,46.9,30.0,4.5,0.0
2016-01-20,Wednesday,1,12.55,23420,32.1,37.9,18.0,13.0,0.0
2016-06-08,Wednesday,6,13.55,42250,64.9,87.1,55.0,13.0,0.01
2016-05-23,Monday,5,15.87,48578,65.0,77.0,54.0,6.0,0.11
2016-08-17,Wednesday,8,15.48,53989,82.8,91.0,78.1,11.7,0.13
2016-05-17,Tuesday,5,15.65,43396,62.3,68.0,44.1,9.2,0.0
2016-08-16,Tuesday,8,14.79,50426,84.9,93.0,78.1,9.0,0.0
2016-06-16,Thursday,6,14.33,46198,73.3,87.1,66.0,4.4,0.12
2016-02-02,Tuesday,2,14.37,28528,45.5,59.0,37.9,5.0,0.0
2016-01-30,Saturday,1,15.29,12973,34.0,42.1,30.0,10.4,0.0
2016-06-10,Friday,6,16.03,53299,67.9,78.1,55.9,12.0,0.0
2016-05-09,Monday,5,17.35,45724,62.9,73.9,48.9,9.9,0.08
2016-03-14,Monday,3,12.24,10930,47.6,64.0,41.0,12.0,0.02
2016-05-20,Friday,5,18.4,52543,64.4,78.1,55.9,5.7,0.0
2016-04-06,Wednesday,4,15.28,29365,39.0,48.0,27.0,9.9,0.0
2016-03-18,Friday,3,15.46,34647,53.0,64.0,45.0,13.3,0.04
2016-01-05,Tuesday,1,11.37,18053,19.5,37.9,12.9,13.8,0.0
2016-06-21,Tuesday,6,14.27,53564,80.8,89.1,66.0,10.0,0.0
2016-01-02,Saturday,1,17.12,14587,37.3,43.0,34.0,11.9,0.0
2016-03-16,Wednesday,3,16.43,36067,53.5,64.9,44.1,3.2,0.0
2016-07-05,Tuesday,7,14.84,43744,76.0,89.1,69.1,6.3,1.08
2016-04-01,Friday,4,17.7,34449,62.6,79.0,48.9,9.1,0.0
2016-08-06,Saturday,8,19.82,44213,80.8,91.0,72.0,8.8,0.0
2016-06-03,Friday,6,15.67,38975,66.3,73.9,62.1,6.3,0.0
2016-06-25,Saturday,6,20.47,43000,73.3,84.9,64.9,8.0,0.0
2016-06-20,Monday,6,15.86,52247,73.4,84.0,66.0,6.9,0.0
2016-05-06,Friday,5,14.94,18860,52.2,57.9,46.9,13.0,0.38
2016-02-10,Wednesday,2,13.48,22420,35.4,39.9,27.0,7.6,0.01
2016-08-02,Tuesday,8,14.99,56764,74.2,80.1,71.1,10.5,0.0
2016-08-04,Thursday,8,16.34,56604,75.6,84.0,68.0,5.9,0.0
2016-08-25,Thursday,8,16.08,53487,78.6,89.1,71.1,10.6,0.0
2016-04-18,Monday,4,17.21,43994,62.5,80.1,48.0,4.4,0.0
2016-06-04,Saturday,6,21.64,40977,72.8,82.9,63.0,5.5,0.02
2016-09-26,Monday,9,14.32,61386,65.6,73.0,57.0,7.2,0.0
2016-09-18,Sunday,9,17.32,51686,76.3,84.9,64.0,8.8,0.0
2016-05-21,Saturday,5,19.7,30519,62.4,78.1,57.0,6.3,0.0
2016-01-06,Wednesday,1,13.93,24569,32.2,43.0,12.9,4.2,0.0
2016-04-21,Thursday,4,15.99,45570,58.8,70.0,50.0,8.2,0.0
2016-06-30,Thursday,6,14.29,54843,77.6,87.1,70.0,6.9,0.0
2016-06-14,Tuesday,6,15.48,54813,69.0,81.0,59.0,11.2,0.0
2016-03-09,Wednesday,3,18.33,41490,54.0,75.0,41.0,5.3,0.0
2016-08-30,Tuesday,8,15.32,57405,79.0,91.0,72.0,9.0,0.0
2016-03-10,Thursday,3,17.65,42252,70.0,78.1,64.0,6.7,0.0
2016-03-22,Tuesday,3,15.57,33497,43.8,55.0,37.0,13.6,0.07
2013-08-28,Wednesday,8,14.16,28185,78.0,86.0,73.0,3.2,0.1
2013-10-05,Saturday,10,16.76,34181,68.3,86.0,64.0,6.7,0.03
2013-08-19,Monday,8,14.89,33127,73.5,80.1,68.0,5.5,0.0
2013-11-29,Friday,11,13.15,10127,34.1,39.0,30.9,7.2,0.0
2013-11-13,Wednesday,11,11.13,23633,34.0,52.0,30.0,13.4,0.01
2013-09-19,Thursday,9,14.11,39200,65.0,77.0,55.0,5.4,0.0
2013-07-13,Saturday,7,18.62,26119,71.4,78.1,68.0,10.5,0.23
2013-08-02,Friday,8,16.09,35792,75.5,86.0,69.1,7.3,0.5
2013-07-14,Sunday,7,19.36,29287,80.2,93.9,69.1,6.0,0.01
2013-07-04,Thursday,7,21.22,22326,82.0,91.0,73.9,8.6,0.96
2013-11-12,Tuesday,11,11.08,19925,43.9,53.1,34.0,13.4,0.02
2013-10-19,Saturday,10,15.61,29548,59.4,69.1,54.0,5.9,0.0
2013-08-18,Sunday,8,16.94,27612,72.5,81.0,68.0,5.2,0.0
2013-08-30,Friday,8,15.44,32318,75.4,86.0,69.1,7.4,0.0
2013-08-04,Sunday,8,19.72,35253,74.6,81.0,70.0,8.7,0.01
2013-08-05,Monday,8,16.12,36776,71.5,81.0,64.0,9.4,0.0
2013-09-27,Friday,9,14.23,37412,61.5,69.1,57.0,6.4,0.0
2013-07-07,Sunday,7,18.64,20477,88.8,98.1,79.0,8.8,0.0
2013-12-27,Friday,12,12.44,11720,35.6,39.9,30.0,10.3,0.0
2013-08-11,Sunday,8,19.43,33060,74.8,84.0,66.9,5.7,0.0
2013-07-23,Tuesday,7,15.74,32376,80.0,91.0,75.0,7.4,0.58
2013-10-16,Wednesday,10,13.34,36911,60.1,70.0,55.9,5.6,0.0
2013-10-18,Friday,10,13.88,38122,64.2,73.0,57.9,11.5,0.01
2013-09-08,Sunday,9,17.08,33196,73.9,80.1,61.0,8.7,0.0
2013-09-24,Tuesday,9,13.78,38417,59.1,73.0,50.0,8.0,0.0
2013-09-18,Wednesday,9,13.93,37957,61.8,71.1,48.9,5.0,0.0
2013-10-04,Friday,10,14.67,40195,74.0,86.0,64.9,4.9,0.0
2013-10-26,Saturday,10,14.57,24569,49.5,55.9,42.1,10.1,0.0
2013-11-05,Tuesday,11,12.21,31493,46.8,55.0,34.0,6.7,0.0
2013-09-07,Saturday,9,17.38,34419,68.3,79.0,57.0,6.5,0.0
2013-12-25,Wednesday,12,13.75,3260,25.6,42.1,19.0,10.3,0.0
2013-12-11,Wednesday,12,11.96,18766,30.7,39.0,27.0,13.2,0.22
2013-08-08,Thursday,8,14.32,28366,75.0,82.0,71.1,9.1,0.16
2013-09-10,Tuesday,9,14.48,36954,74.8,88.0,57.9,8.8,0.0
2013-12-13,Friday,12,12.06,17888,28.2,35.1,23.0,13.0,0.0
2013-12-16,Monday,12,11.22,15562,31.0,39.0,26.1,12.0,0.77
2013-10-31,Thursday,10,12.93,31444,59.3,66.9,48.0,6.2,0.0
2013-07-21,Sunday,7,18.71,30297,82.2,95.0,77.0,7.6,0.0
2013-11-16,Saturday,11,15.31,25194,51.9,59.0,43.0,5.5,0.03
2013-11-27,Wednesday,11,11.03,7976,48.0,60.1,34.0,13.7,1.91
2013-10-06,Sunday,10,14.69,26574,66.5,73.0,64.0,7.6,0.01
2013-09-02,Monday,9,16.86,21416,76.9,80.6,71.6,4.8,0.0
2013-09-21,Saturday,9,17.05,31826,67.4,78.1,61.0,9.4,0.0
2013-12-31,Tuesday,12,13.24,10424,26.0,44.1,21.0,9.9,0.0
2013-07-19,Friday,7,14.67,26591,92.5,100.0,82.9,8.9,0.0
2013-11-19,Tuesday,11,11.48,27417,48.3,64.9,41.0,16.8,0.23
2013-11-09,Saturday,11,14.41,21734,44.3,50.0,39.9,10.3,0.0
2013-10-23,Wednesday,10,12.02,32365,52.8,68.0,50.0,7.8,0.0
2013-09-06,Friday,9,14.81,35868,64.8,77.0,57.0,7.5,0.0
2013-08-29,Thursday,8,14.31,34215,74.6,84.9,71.1,7.3,0.0
2015-03-26,Thursday,3,11.84,14954,45.2,57.0,32.0,4.4,0.05
2015-02-02,Monday,2,15.35,1459,29.6,36.0,19.9,11.2,0.84
2015-11-05,Thursday,11,15.29,43006,62.0,71.1,55.0,3.3,0.0
2015-02-21,Saturday,2,9.85,3157,20.1,28.9,3.0,8.0,0.01
2015-02-08,Sunday,2,11.12,6662,33.0,36.0,26.1,8.9,0.01
2015-10-09,Friday,10,21.96,37283,66.9,78.1,60.1,7.7,0.0
2015-11-10,Tuesday,11,13.02,21585,56.0,60.1,46.0,9.6,0.0
2015-04-01,Wednesday,4,13.22,20146,39.8,51.1,34.0,8.5,0.14
2015-01-14,Wednesday,1,10.38,13086,22.0,36.0,17.1,9.1,0.0
2015-12-23,Wednesday,12,13.38,14817,54.2,62.1,50.0,6.1,0.18
2015-06-20,Saturday,6,16.73,23580,69.5,84.9,64.0,8.3,0.0
2015-06-21,Sunday,6,18.06,25926,75.0,90.0,64.0,9.4,0.25
2015-07-01,Wednesday,7,14.63,37539,76.4,84.9,70.0,9.7,0.35
2015-03-04,Wednesday,3,11.67,7514,38.9,46.9,24.1,8.0,0.73
2015-04-07,Tuesday,4,11.67,16262,50.6,60.1,39.0,7.7,0.01
2015-05-31,Sunday,5,18.39,19586,74.6,86.0,66.0,9.6,0.0
2015-06-13,Saturday,6,19.43,29980,80.5,88.0,71.1,10.1,0.0
2015-05-25,Monday,5,20.07,28164,72.5,82.9,55.9,8.8,0.0
2015-05-04,Monday,5,16.65,32066,66.5,82.0,51.1,7.1,0.0
2015-09-02,Wednesday,9,15.43,43225,80.2,88.0,75.0,5.6,0.0
2015-08-20,Thursday,8,14.21,39280,81.0,87.1,75.9,11.0,0.0
2015-10-29,Thursday,10,16.45,45358,67.6,73.9,51.1,13.5,1.26
2015-08-30,Sunday,8,18.78,32913,79.1,90.0,70.0,7.4,0.0
2015-04-06,Monday,4,15.09,23391,46.7,62.1,39.0,7.8,0.0
2015-01-30,Friday,1,10.86,9015,33.9,37.0,21.0,10.8,0.07
2015-02-17,Tuesday,2,10.82,4784,19.4,28.0,3.9,6.6,0.11
2015-03-11,Wednesday,3,13.4,19561,46.4,60.1,33.1,7.5,0.44
2015-01-09,Friday,1,10.61,7930,24.0,33.1,8.1,13.3,0.0
2015-01-19,Monday,1,11.53,10710,39.4,43.0,28.9,12.3,1.98
2015-12-16,Wednesday,12,13.29,35643,50.0,64.0,45.0,10.8,0.11
2015-07-23,Thursday,7,14.83,42175,77.1,86.0,71.1,9.2,0.0
2015-09-03,Thursday,9,13.92,42879,82.6,93.0,75.0,4.9,0.0
2015-08-28,Friday,8,15.33,41755,73.1,82.9,66.0,5.3,0.0
2015-02-13,Friday,2,10.38,7642,17.6,39.9,9.0,18.2,0.0
2015-06-11,Thursday,6,14.35,37400,80.2,91.9,66.0,8.8,0.0
2015-10-01,Thursday,10,18.45,34719,59.4,78.1,54.0,13.6,0.06
2015-08-31,Monday,8,14.15,40119,82.7,91.9,72.0,7.5,0.08
2015-06-06,Saturday,6,18.09,26334,65.7,73.9,55.9,7.3,0.55
2015-03-28,Saturday,3,12.67,1107,37.6,46.0,33.1,10.7,0.28
2015-01-05,Monday,1,10.63,14506,42.5,57.0,28.9,18.2,0.13
2015-05-16,Saturday,5,18.77,23882,65.2,75.0,55.9,6.5,0.01
2015-05-15,Friday,5,16.0,34945,63.2,73.9,52.0,7.6,0.0
2015-11-16,Monday,11,15.26,40916,58.8,68.0,42.1,5.7,0.0
2015-07-28,Tuesday,7,14.02,40434,82.8,93.9,75.9,5.0,0.0
2015-09-28,Monday,9,17.79,48011,68.5,79.0,55.9,6.3,0.0
2015-05-14,Thursday,5,16.91,40826,59.7,72.0,52.0,8.5,0.0
2015-05-21,Thursday,5,13.77,31214,57.1,66.0,53.1,7.0,0.0
2015-11-03,Tuesday,11,18.02,49326,61.3,73.0,51.1,2.5,0.0
2015-08-18,Tuesday,8,14.11,39916,83.4,93.0,77.0,8.5,0.0
2015-08-06,Thursday,8,14.35,42283,76.3,88.0,64.9,6.7,0.0
2015-08-02,Sunday,8,19.15,31622,81.0,90.0,73.0,6.5,0.0
2015-04-27,Monday,4,13.12,25501,53.8,61.0,45.0,9.9,0.0
2015-09-14,Monday,9,16.59,44668,66.6,79.0,59.0,12.8,0.05
2015-05-06,Wednesday,5,14.55,30313,65.3,81.0,59.0,6.4,0.0
2015-08-16,Sunday,8,19.53,30344,82.8,91.9,73.9,4.9,0.0
2015-05-28,Thursday,5,13.98,35934,73.4,84.0,66.9,7.0,0.02
2015-08-26,Wednesday,8,14.3,42832,76.9,88.0,69.1,9.3,0.0
2015-06-29,Monday,6,15.26,38037,71.3,78.1,62.1,10.1,0.26
2015-04-28,Tuesday,4,14.79,29795,57.2,72.0,48.9,11.5,0.0
2015-09-01,Tuesday,9,14.22,43291,82.6,91.9,75.9,6.3,0.0
2015-01-01,Thursday,1,13.36,5317,31.2,39.0,27.0,11.5,0.0
2015-03-25,Wednesday,3,11.68,14670,39.1,48.0,26.1,5.7,0.0
2015-01-10,Saturday,1,9.93,6109,21.7,33.1,17.1,13.3,0.06
2015-02-11,Wednesday,2,10.82,11439,28.4,39.0,21.9,9.3,0.0
2015-03-22,Sunday,3,12.48,9676,39.9,48.0,28.9,13.8,0.01
2015-08-22,Saturday,8,19.97,34277,76.6,86.0,70.0,6.8,0.0
2015-09-07,Monday,9,19.94,33682,77.8,90.0,66.9,7.9,0.0
2015-10-14,Wednesday,10,15.81,49998,64.5,73.0,59.0,9.2,0.0
2015-06-17,Wednesday,6,14.45,38030,73.9,79.0,64.0,8.3,0.34
2015-06-15,Monday,6,13.0,25087,70.3,79.0,62.6,9.0,0.79
2015-01-26,Monday,1,11.09,4141,26.6,35.1,21.2,14.7,0.0
2015-12-02,Wednesday,12,13.51,23782,48.1,55.4,46.0,5.1,0.24
2015-12-17,Thursday,12,14.38,21961,53.4,59.0,48.0,6.5,0.05
2015-12-03,Thursday,12,13.15,33917,51.4,57.2,46.9,11.5,0.1
2015-06-16,Tuesday,6,13.38,32147,68.1,79.0,62.6,7.1,0.02
2015-12-30,Wednesday,12,15.92,22477,41.8,48.0,34.0,4.8,0.13
2015-01-27,Tuesday,1,15.94,1214,24.4,30.0,19.9,14.9,0.45
2015-03-01,Sunday,3,12.34,2879,26.7,30.0,15.1,4.4,0.0
2015-09-22,Tuesday,9,16.31,48685,66.3,73.0,59.0,10.8,0.0
2015-12-11,Friday,12,15.88,39060,54.3,61.0,48.9,5.4,0.0
2015-12-09,Wednesday,12,14.53,35306,45.7,53.1,39.0,4.2,0.0
2015-04-26,Sunday,4,19.0,21594,52.0,61.0,39.0,5.2,0.0
2015-09-24,Thursday,9,17.99,52706,69.9,81.0,59.0,6.4,0.0
2015-05-07,Thursday,5,15.37,34871,64.6,75.9,52.0,5.2,0.0
2015-05-03,Sunday,5,20.46,27694,59.5,75.9,48.0,6.4,0.0
2015-05-29,Friday,5,15.6,37756,73.0,84.0,64.0,7.2,0.0
2015-11-02,Monday,11,16.64,44534,60.2,64.9,53.1,4.9,0.0
2015-11-06,Friday,11,17.1,47162,68.3,75.0,57.0,7.5,0.0
2015-07-29,Wednesday,7,13.74,39428,86.3,95.0,75.9,5.8,0.0
2015-12-07,Monday,12,14.11,34139,48.8,55.0,39.9,4.5,0.0
2015-09-23,Wednesday,9,17.72,48366,67.6,79.0,59.0,6.3,0.0
2015-06-14,Sunday,6,18.83,28184,77.0,87.1,68.0,6.3,0.0
2015-12-20,Sunday,12,16.17,17030,39.8,44.1,36.0,12.0,0.0
2015-11-25,Wednesday,11,15.1,30295,44.0,48.9,33.1,6.5,0.0
2015-02-23,Monday,2,10.53,7458,29.3,42.1,16.0,14.0,0.11
2015-08-15,Saturday,8,21.43,37821,81.4,91.9,71.1,6.5,0.0
2015-09-15,Tuesday,9,17.1,48729,73.2,84.0,59.0,6.2,0.0
2015-04-19,Sunday,4,18.13,21475,57.6,79.0,50.0,8.8,0.0
2015-08-25,Tuesday,8,16.29,41655,80.6,88.0,73.0,8.3,0.0
2015-09-19,Saturday,9,23.09,43011,73.9,84.9,69.1,7.7,0.0
2015-11-14,Saturday,11,17.23,25299,47.8,59.0,45.0,16.2,0.0
2015-10-20,Tuesday,10,16.73,45376,56.0,71.1,37.0,10.5,0.0
2015-08-09,Sunday,8,24.25,32716,75.7,87.1,69.1,6.8,0.0
2015-02-05,Thursday,2,10.39,9208,33.2,41.0,21.0,12.1,0.0
2015-08-14,Friday,8,16.07,39983,78.9,88.0,69.1,5.2,0.0
2015-09-06,Sunday,9,20.81,33199,73.9,84.0,66.9,5.1,0.0
2015-06-07,Sunday,6,19.35,30773,65.3,73.9,57.0,7.6,0.0
2015-07-21,Tuesday,7,14.46,38499,86.0,95.0,80.1,6.3,0.0
2015-11-07,Saturday,11,21.32,35586,65.9,75.0,57.0,9.2,0.0
2015-12-04,Friday,12,14.55,34737,46.9,55.9,44.1,10.5,0.0
2015-05-02,Saturday,5,19.35,25743,53.9,69.1,48.0,4.7,0.0
2015-10-10,Saturday,10,23.58,39345,60.0,78.1,52.0,8.1,0.5
2015-10-31,Saturday,10,20.49,31756,49.0,60.1,43.0,7.8,0.0
2015-03-06,Friday,3,12.28,5162,21.0,41.0,15.1,7.1,0.38
2015-09-20,Sunday,9,22.25,40462,73.3,80.1,69.1,10.8,0.0
2015-10-17,Saturday,10,20.51,31809,52.9,64.0,48.0,11.6,0.0
2015-01-20,Tuesday,1,10.8,16129,37.2,42.1,34.0,9.6,0.0
2015-09-25,Friday,9,18.58,51368,68.5,81.0,63.0,9.7,0.0
2015-04-16,Thursday,4,13.47,27180,56.5,70.0,46.9,7.4,0.0
2015-05-23,Saturday,5,20.41,23910,59.3,75.0,50.0,11.5,0.0
2015-01-06,Tuesday,1,10.58,8739,21.2,28.9,17.6,8.7,0.0
2015-03-18,Wednesday,3,11.33,13842,33.7,37.9,28.9,19.6,0.01
2015-03-08,Sunday,3,13.69,7898,40.2,48.0,35.1,8.4,0.0
2015-01-03,Saturday,1,10.92,4478,35.2,42.1,30.9,8.1,0.0
2015-03-02,Monday,3,11.29,7283,32.2,37.9,24.1,9.0,0.48
2015-06-28,Sunday,6,17.47,20591,64.2,73.9,60.1,12.4,1.32
2015-09-11,Friday,9,15.51,47613,72.4,81.0,66.0,8.8,0.52
2015-09-29,Tuesday,9,17.2,48725,74.7,82.9,64.9,5.5,0.0
2015-07-30,Thursday,7,13.44,31166,82.1,95.0,75.0,8.8,0.0
2015-04-14,Tuesday,4,12.63,22703,59.3,64.9,46.9,7.0,0.0
2015-04-09,Thursday,4,11.79,16546,39.3,46.0,37.0,12.4,0.0
2015-05-09,Saturday,5,19.64,24329,58.0,79.0,53.1,8.4,0.0
2015-11-12,Thursday,11,13.34,37319,55.2,60.1,50.0,8.0,0.23
2015-03-10,Tuesday,3,12.06,11781,40.7,54.0,33.1,4.6,0.11
2015-04-22,Wednesday,4,12.9,21997,58.8,66.9,50.0,8.9,0.07
2015-12-26,Saturday,12,23.21,13914,54.5,64.0,50.0,7.7,0.03
2015-09-13,Sunday,9,20.11,34794,72.6,79.0,68.0,8.8,0.22
2015-02-10,Tuesday,2,10.64,10328,29.9,39.0,26.1,11.0,0.04
2015-03-31,Tuesday,3,12.69,14250,42.8,55.0,34.0,9.6,0.0
2015-03-14,Saturday,3,12.15,3906,43.6,51.8,37.4,7.1,0.21
2015-12-01,Tuesday,12,12.88,18399,47.1,53.6,44.1,9.6,0.13
2015-12-22,Tuesday,12,13.47,22941,56.8,62.6,55.0,6.4,0.0
2018-01-13,Saturday,1,11.61,17760,41.7,60.1,25.0,14.4,0.79
2018-05-14,Monday,5,15.9,64729,58.4,71.1,52.0,5.0,0.1
2018-01-23,Tuesday,1,13.4,28797,44.8,59.0,35.6,9.1,0.03
2018-02-12,Monday,2,18.19,35139,48.1,63.0,41.0,11.4,0.99
2018-04-27,Friday,4,12.33,39154,54.5,70.0,48.9,8.1,0.17
2018-02-24,Saturday,2,14.26,25550,46.7,54.0,36.0,7.4,0.07
2018-04-28,Saturday,4,21.1,56745,56.7,66.0,48.9,6.2,0.05
2018-04-25,Wednesday,4,17.29,31214,56.1,66.0,46.0,10.4,0.42
2018-04-16,Monday,4,13.66,26289,46.6,61.0,39.0,18.1,1.24
2018-04-15,Sunday,4,12.31,20440,44.4,69.1,39.0,18.4,0.0
2018-03-20,Tuesday,3,11.49,35532,35.9,46.9,30.9,9.8,0.0
2018-01-09,Tuesday,1,13.09,25091,35.5,43.0,18.0,11.2,0.0
2018-05-05,Saturday,5,24.56,63329,70.3,84.0,61.0,11.2,0.0
2018-05-02,Wednesday,5,16.61,76773,76.9,89.1,66.0,10.3,0.0
2018-01-15,Monday,1,11.04,17637,21.6,30.0,15.1,12.2,0.0
2018-02-03,Saturday,2,12.37,18385,22.4,39.0,17.1,13.5,0.18
2018-02-19,Monday,2,12.83,25677,41.5,48.9,33.1,5.6,0.02
2018-01-19,Friday,1,11.87,30525,31.2,39.0,19.9,9.6,0.0
2018-03-17,Saturday,3,17.89,27672,36.4,48.0,28.9,14.8,0.0
2018-04-11,Wednesday,4,12.48,48612,44.4,52.0,37.9,6.9,0.0
2018-05-03,Thursday,5,20.44,69056,82.3,93.0,64.9,10.8,0.0
2018-03-06,Tuesday,3,13.19,42689,39.5,46.9,34.0,8.2,0.0
2018-03-05,Monday,3,11.71,36774,37.5,44.1,35.1,15.7,0.0
2018-01-10,Wednesday,1,11.87,28252,34.2,43.0,26.1,6.1,0.0
2018-01-29,Monday,1,11.98,36799,42.8,54.0,39.0,8.8,0.08
2018-05-17,Thursday,5,15.31,49789,60.2,73.4,55.0,6.0,0.64
2018-03-21,Wednesday,3,12.19,3755,35.7,39.9,30.9,15.1,0.0
2018-05-22,Tuesday,5,13.95,48508,64.6,79.0,55.9,5.0,0.0
2018-02-04,Sunday,2,11.17,13959,34.8,45.0,17.1,8.2,0.0
2018-05-18,Friday,5,17.44,63113,64.9,73.0,55.0,8.9,0.02
2018-02-16,Friday,2,11.97,29191,56.1,61.0,44.1,9.1,0.16
2018-02-02,Friday,2,10.91,26313,33.4,45.0,21.9,13.7,0.23
2018-03-28,Wednesday,3,12.54,42520,43.7,52.0,35.1,5.5,0.04